run_ts,run_dir,file,channel,variance_uV2,flatline,highvar
2025-09-22T01:29:28,C:\Users\rjrie\Documents\neural_signal_db\quality_control\runs\current,S001_run01,Fc5.,3316.301632583646,False,False
2025-09-22T01:29:28,C:\Users\rjrie\Documents\neural_signal_db\quality_control\runs\current,S001_run01,Fc3.,3192.7589483568763,False,False
2025-09-22T01:29:28,C:\Users\rjrie\Documents\neural_signal_db\quality_control\runs\current,S001_run01,Fc1.,3210.096719589828,False,False
2025-09-22T01:29:28,C:\Users\rjrie\Documents\neural_signal_db\quality_control\runs\current,S001_run01,Fcz.,3089.966637622614,False,False
2025-09-22T01:29:28,C:\Users\rjrie\Documents\neural_signal_db\quality_control\runs\current,S001_run01,Fc2.,2891.4004286377144,False,False
2025-09-22T01:29:28,C:\Users\rjrie\Documents\neural_signal_db\quality_control\runs\current,S001_run01,Fc4.,2384.517279870582,False,False
2025-09-22T01:29:28,C:\Users\rjrie\Documents\neural_signal_db\quality_control\runs\current,S001_run01,Fc6.,1972.0975382961565,False,False
2025-09-22T01:29:28,C:\Users\rjrie\Documents\neural_signal_db\quality_control\runs\current,S001_run01,C5..,2877.4333732531577,False,False
2025-09-22T01:29:28,C:\Users\rjrie\Documents\neural_signal_db\quality_control\runs\current,S001_run01,C3..,2672.2358635006544,False,False
2025-09-22T01:29:28,C:\Users\rjrie\Documents\neural_signal_db\quality_control\runs\current,S001_run01,C1..,2808.387819806504,False,False
2025-09-22T01:29:28,C:\Users\rjrie\Documents\neural_signal_db\quality_control\runs\current,S001_run01,Cz..,2929.3284882151133,False,False
2025-09-22T01:29:28,C:\Users\rjrie\Documents\neural_signal_db\quality_control\runs\current,S001_run01,C2..,2736.6319065775324,False,False
2025-09-22T01:29:28,C:\Users\rjrie\Documents\neural_signal_db\quality_control\runs\current,S001_run01,C4..,2085.183816083966,False,False
2025-09-22T01:29:28,C:\Users\rjrie\Documents\neural_signal_db\quality_control\runs\current,S001_run01,C6..,1524.558822718607,False,False
2025-09-22T01:29:28,C:\Users\rjrie\Documents\neural_signal_db\quality_control\runs\current,S001_run01,Cp5.,2358.0357522234444,False,False
2025-09-22T01:29:28,C:\Users\rjrie\Documents\neural_signal_db\quality_control\runs\current,S001_run01,Cp3.,2548.158241064229,False,False
2025-09-22T01:29:28,C:\Users\rjrie\Documents\neural_signal_db\quality_control\runs\current,S001_run01,Cp1.,2765.3197601451225,False,False
2025-09-22T01:29:28,C:\Users\rjrie\Documents\neural_signal_db\quality_control\runs\current,S001_run01,Cpz.,2799.6285037204384,False,False
2025-09-22T01:29:28,C:\Users\rjrie\Documents\neural_signal_db\quality_control\runs\current,S001_run01,Cp2.,2459.564022933603,False,False
2025-09-22T01:29:28,C:\Users\rjrie\Documents\neural_signal_db\quality_control\runs\current,S001_run01,Cp4.,2124.9526454162183,False,False
2025-09-22T01:29:28,C:\Users\rjrie\Documents\neural_signal_db\quality_control\runs\current,S001_run01,Cp6.,1708.3842443962474,False,False
2025-09-22T01:29:28,C:\Users\rjrie\Documents\neural_signal_db\quality_control\runs\current,S001_run01,Fp1.,12165.673544567571,False,False
2025-09-22T01:29:28,C:\Users\rjrie\Documents\neural_signal_db\quality_control\runs\current,S001_run01,Fpz.,9297.026793872614,False,False
2025-09-22T01:29:28,C:\Users\rjrie\Documents\neural_signal_db\quality_control\runs\current,S001_run01,Fp2.,11015.115505534466,False,False
2025-09-22T01:29:28,C:\Users\rjrie\Documents\neural_signal_db\quality_control\runs\current,S001_run01,Af7.,9566.630112862384,False,False
2025-09-22T01:29:28,C:\Users\rjrie\Documents\neural_signal_db\quality_control\runs\current,S001_run01,Af3.,9178.633815464593,False,False
2025-09-22T01:29:28,C:\Users\rjrie\Documents\neural_signal_db\quality_control\runs\current,S001_run01,Afz.,4860.352307416941,False,False
2025-09-22T01:29:28,C:\Users\rjrie\Documents\neural_signal_db\quality_control\runs\current,S001_run01,Af4.,5758.87112465567,False,False
2025-09-22T01:29:28,C:\Users\rjrie\Documents\neural_signal_db\quality_control\runs\current,S001_run01,Af8.,8926.105916378325,False,False
2025-09-22T01:29:28,C:\Users\rjrie\Documents\neural_signal_db\quality_control\runs\current,S001_run01,F7..,4722.5419766926725,False,False
2025-09-22T01:29:28,C:\Users\rjrie\Documents\neural_signal_db\quality_control\runs\current,S001_run01,F5..,5499.586321511354,False,False
2025-09-22T01:29:28,C:\Users\rjrie\Documents\neural_signal_db\quality_control\runs\current,S001_run01,F3..,3992.1651195915074,False,False
2025-09-22T01:29:28,C:\Users\rjrie\Documents\neural_signal_db\quality_control\runs\current,S001_run01,F1..,3942.2998429416657,False,False
2025-09-22T01:29:28,C:\Users\rjrie\Documents\neural_signal_db\quality_control\runs\current,S001_run01,Fz..,3697.976800549248,False,False
2025-09-22T01:29:28,C:\Users\rjrie\Documents\neural_signal_db\quality_control\runs\current,S001_run01,F2..,3574.8801212291723,False,False
2025-09-22T01:29:28,C:\Users\rjrie\Documents\neural_signal_db\quality_control\runs\current,S001_run01,F4..,3389.309054017737,False,False
2025-09-22T01:29:28,C:\Users\rjrie\Documents\neural_signal_db\quality_control\runs\current,S001_run01,F6..,3321.557821895575,False,False
2025-09-22T01:29:28,C:\Users\rjrie\Documents\neural_signal_db\quality_control\runs\current,S001_run01,F8..,4739.006787815356,False,False
2025-09-22T01:29:28,C:\Users\rjrie\Documents\neural_signal_db\quality_control\runs\current,S001_run01,Ft7.,3051.206391049113,False,False
2025-09-22T01:29:28,C:\Users\rjrie\Documents\neural_signal_db\quality_control\runs\current,S001_run01,Ft8.,1307.739251786734,False,False
2025-09-22T01:29:28,C:\Users\rjrie\Documents\neural_signal_db\quality_control\runs\current,S001_run01,T7..,2427.06435429824,False,False
2025-09-22T01:29:28,C:\Users\rjrie\Documents\neural_signal_db\quality_control\runs\current,S001_run01,T8..,1347.4942621271164,False,False
2025-09-22T01:29:28,C:\Users\rjrie\Documents\neural_signal_db\quality_control\runs\current,S001_run01,T9..,1981.3996270743755,False,False
2025-09-22T01:29:28,C:\Users\rjrie\Documents\neural_signal_db\quality_control\runs\current,S001_run01,T10.,565.5389625499698,False,False
2025-09-22T01:29:28,C:\Users\rjrie\Documents\neural_signal_db\quality_control\runs\current,S001_run01,Tp7.,2039.7221755639443,False,False
2025-09-22T01:29:28,C:\Users\rjrie\Documents\neural_signal_db\quality_control\runs\current,S001_run01,Tp8.,1036.4303544809025,False,False
2025-09-22T01:29:28,C:\Users\rjrie\Documents\neural_signal_db\quality_control\runs\current,S001_run01,P7..,2134.066000025195,False,False
2025-09-22T01:29:28,C:\Users\rjrie\Documents\neural_signal_db\quality_control\runs\current,S001_run01,P5..,2324.208612226216,False,False
2025-09-22T01:29:28,C:\Users\rjrie\Documents\neural_signal_db\quality_control\runs\current,S001_run01,P3..,2667.279554849167,False,False
2025-09-22T01:29:28,C:\Users\rjrie\Documents\neural_signal_db\quality_control\runs\current,S001_run01,P1..,2795.647180025531,False,False
2025-09-22T01:29:28,C:\Users\rjrie\Documents\neural_signal_db\quality_control\runs\current,S001_run01,Pz..,2779.874139848159,False,False
2025-09-22T01:29:28,C:\Users\rjrie\Documents\neural_signal_db\quality_control\runs\current,S001_run01,P2..,2522.8659331748854,False,False
2025-09-22T01:29:28,C:\Users\rjrie\Documents\neural_signal_db\quality_control\runs\current,S001_run01,P4..,2250.1690926078336,False,False
2025-09-22T01:29:28,C:\Users\rjrie\Documents\neural_signal_db\quality_control\runs\current,S001_run01,P6..,1674.5240732393004,False,False
2025-09-22T01:29:28,C:\Users\rjrie\Documents\neural_signal_db\quality_control\runs\current,S001_run01,P8..,1290.9660603563389,False,False
2025-09-22T01:29:28,C:\Users\rjrie\Documents\neural_signal_db\quality_control\runs\current,S001_run01,Po7.,2455.47759169872,False,False
2025-09-22T01:29:28,C:\Users\rjrie\Documents\neural_signal_db\quality_control\runs\current,S001_run01,Po3.,2734.288886545536,False,False
2025-09-22T01:29:28,C:\Users\rjrie\Documents\neural_signal_db\quality_control\runs\current,S001_run01,Poz.,2908.5724527071857,False,False
2025-09-22T01:29:28,C:\Users\rjrie\Documents\neural_signal_db\quality_control\runs\current,S001_run01,Po4.,2263.920496327852,False,False
2025-09-22T01:29:28,C:\Users\rjrie\Documents\neural_signal_db\quality_control\runs\current,S001_run01,Po8.,2110.569311634977,False,False
2025-09-22T01:29:28,C:\Users\rjrie\Documents\neural_signal_db\quality_control\runs\current,S001_run01,O1..,2730.68134858531,False,False
2025-09-22T01:29:28,C:\Users\rjrie\Documents\neural_signal_db\quality_control\runs\current,S001_run01,Oz..,2617.953932704582,False,False
2025-09-22T01:29:28,C:\Users\rjrie\Documents\neural_signal_db\quality_control\runs\current,S001_run01,O2..,3191.442699784584,False,False
2025-09-22T01:29:28,C:\Users\rjrie\Documents\neural_signal_db\quality_control\runs\current,S001_run01,Iz..,2684.214945568647,False,False
2025-09-22T01:29:28,C:\Users\rjrie\Documents\neural_signal_db\quality_control\runs\current,S001_run02,Fc5.,2254.9492012290884,False,False
2025-09-22T01:29:28,C:\Users\rjrie\Documents\neural_signal_db\quality_control\runs\current,S001_run02,Fc3.,2450.456025671442,False,False
2025-09-22T01:29:28,C:\Users\rjrie\Documents\neural_signal_db\quality_control\runs\current,S001_run02,Fc1.,2487.479159237688,False,False
2025-09-22T01:29:28,C:\Users\rjrie\Documents\neural_signal_db\quality_control\runs\current,S001_run02,Fcz.,2598.105751100175,False,False
2025-09-22T01:29:28,C:\Users\rjrie\Documents\neural_signal_db\quality_control\runs\current,S001_run02,Fc2.,2359.183172156342,False,False
2025-09-22T01:29:28,C:\Users\rjrie\Documents\neural_signal_db\quality_control\runs\current,S001_run02,Fc4.,1953.598155359782,False,False
2025-09-22T01:29:28,C:\Users\rjrie\Documents\neural_signal_db\quality_control\runs\current,S001_run02,Fc6.,1487.2685329464523,False,False
2025-09-22T01:29:28,C:\Users\rjrie\Documents\neural_signal_db\quality_control\runs\current,S001_run02,C5..,2302.2635615006047,False,False
2025-09-22T01:29:28,C:\Users\rjrie\Documents\neural_signal_db\quality_control\runs\current,S001_run02,C3..,2360.018830780956,False,False
2025-09-22T01:29:28,C:\Users\rjrie\Documents\neural_signal_db\quality_control\runs\current,S001_run02,C1..,2535.722244933738,False,False
2025-09-22T01:29:28,C:\Users\rjrie\Documents\neural_signal_db\quality_control\runs\current,S001_run02,Cz..,2669.02090532409,False,False
2025-09-22T01:29:28,C:\Users\rjrie\Documents\neural_signal_db\quality_control\runs\current,S001_run02,C2..,2401.9196922450283,False,False
2025-09-22T01:29:28,C:\Users\rjrie\Documents\neural_signal_db\quality_control\runs\current,S001_run02,C4..,1824.4605277059256,False,False
2025-09-22T01:29:28,C:\Users\rjrie\Documents\neural_signal_db\quality_control\runs\current,S001_run02,C6..,1346.6282652092852,False,False
2025-09-22T01:29:28,C:\Users\rjrie\Documents\neural_signal_db\quality_control\runs\current,S001_run02,Cp5.,2396.5774865207604,False,False
2025-09-22T01:29:28,C:\Users\rjrie\Documents\neural_signal_db\quality_control\runs\current,S001_run02,Cp3.,2561.9903184207874,False,False
2025-09-22T01:29:28,C:\Users\rjrie\Documents\neural_signal_db\quality_control\runs\current,S001_run02,Cp1.,2671.2539770475005,False,False
2025-09-22T01:29:28,C:\Users\rjrie\Documents\neural_signal_db\quality_control\runs\current,S001_run02,Cpz.,2703.001483125756,False,False
2025-09-22T01:29:28,C:\Users\rjrie\Documents\neural_signal_db\quality_control\runs\current,S001_run02,Cp2.,2357.229107168352,False,False
2025-09-22T01:29:28,C:\Users\rjrie\Documents\neural_signal_db\quality_control\runs\current,S001_run02,Cp4.,2314.1993335019984,False,False
2025-09-22T01:29:28,C:\Users\rjrie\Documents\neural_signal_db\quality_control\runs\current,S001_run02,Cp6.,1687.7548205707471,False,False
2025-09-22T01:29:28,C:\Users\rjrie\Documents\neural_signal_db\quality_control\runs\current,S001_run02,Fp1.,4998.946603641073,False,False
2025-09-22T01:29:28,C:\Users\rjrie\Documents\neural_signal_db\quality_control\runs\current,S001_run02,Fpz.,3762.1967394097687,False,False
2025-09-22T01:29:28,C:\Users\rjrie\Documents\neural_signal_db\quality_control\runs\current,S001_run02,Fp2.,4587.080139316968,False,False
2025-09-22T01:29:28,C:\Users\rjrie\Documents\neural_signal_db\quality_control\runs\current,S001_run02,Af7.,4552.198779467464,False,False
2025-09-22T01:29:28,C:\Users\rjrie\Documents\neural_signal_db\quality_control\runs\current,S001_run02,Af3.,4395.433884949863,False,False
2025-09-22T01:29:28,C:\Users\rjrie\Documents\neural_signal_db\quality_control\runs\current,S001_run02,Afz.,2650.215716026857,False,False
2025-09-22T01:29:28,C:\Users\rjrie\Documents\neural_signal_db\quality_control\runs\current,S001_run02,Af4.,2863.342979867223,False,False
2025-09-22T01:29:28,C:\Users\rjrie\Documents\neural_signal_db\quality_control\runs\current,S001_run02,Af8.,4288.670162496221,False,False
2025-09-22T01:29:28,C:\Users\rjrie\Documents\neural_signal_db\quality_control\runs\current,S001_run02,F7..,3029.929862173726,False,False
2025-09-22T01:29:28,C:\Users\rjrie\Documents\neural_signal_db\quality_control\runs\current,S001_run02,F5..,3264.9945631214723,False,False
2025-09-22T01:29:28,C:\Users\rjrie\Documents\neural_signal_db\quality_control\runs\current,S001_run02,F3..,2849.4754395554787,False,False
2025-09-22T01:29:28,C:\Users\rjrie\Documents\neural_signal_db\quality_control\runs\current,S001_run02,F1..,2593.5471304756784,False,False
2025-09-22T01:29:28,C:\Users\rjrie\Documents\neural_signal_db\quality_control\runs\current,S001_run02,Fz..,2553.0592884977154,False,False
2025-09-22T01:29:28,C:\Users\rjrie\Documents\neural_signal_db\quality_control\runs\current,S001_run02,F2..,2329.699173441279,False,False
2025-09-22T01:29:28,C:\Users\rjrie\Documents\neural_signal_db\quality_control\runs\current,S001_run02,F4..,2137.1838984395995,False,False
2025-09-22T01:29:28,C:\Users\rjrie\Documents\neural_signal_db\quality_control\runs\current,S001_run02,F6..,2082.004563530889,False,False
2025-09-22T01:29:28,C:\Users\rjrie\Documents\neural_signal_db\quality_control\runs\current,S001_run02,F8..,3203.3483106754734,False,False
2025-09-22T01:29:28,C:\Users\rjrie\Documents\neural_signal_db\quality_control\runs\current,S001_run02,Ft7.,2266.2110520945307,False,False
2025-09-22T01:29:28,C:\Users\rjrie\Documents\neural_signal_db\quality_control\runs\current,S001_run02,Ft8.,1194.4957141477423,False,False
2025-09-22T01:29:28,C:\Users\rjrie\Documents\neural_signal_db\quality_control\runs\current,S001_run02,T7..,2096.812028594044,False,False
2025-09-22T01:29:28,C:\Users\rjrie\Documents\neural_signal_db\quality_control\runs\current,S001_run02,T8..,1392.9760813205455,False,False
2025-09-22T01:29:28,C:\Users\rjrie\Documents\neural_signal_db\quality_control\runs\current,S001_run02,T9..,1808.5737510812785,False,False
2025-09-22T01:29:28,C:\Users\rjrie\Documents\neural_signal_db\quality_control\runs\current,S001_run02,T10.,519.1491600040312,False,False
2025-09-22T01:29:28,C:\Users\rjrie\Documents\neural_signal_db\quality_control\runs\current,S001_run02,Tp7.,2185.626162227475,False,False
2025-09-22T01:29:28,C:\Users\rjrie\Documents\neural_signal_db\quality_control\runs\current,S001_run02,Tp8.,1141.224130610051,False,False
2025-09-22T01:29:28,C:\Users\rjrie\Documents\neural_signal_db\quality_control\runs\current,S001_run02,P7..,2739.861098736478,False,False
2025-09-22T01:29:28,C:\Users\rjrie\Documents\neural_signal_db\quality_control\runs\current,S001_run02,P5..,2992.12237636682,False,False
2025-09-22T01:29:28,C:\Users\rjrie\Documents\neural_signal_db\quality_control\runs\current,S001_run02,P3..,3135.506665452415,False,False
2025-09-22T01:29:28,C:\Users\rjrie\Documents\neural_signal_db\quality_control\runs\current,S001_run02,P1..,3407.606758925272,False,False
2025-09-22T01:29:28,C:\Users\rjrie\Documents\neural_signal_db\quality_control\runs\current,S001_run02,Pz..,3110.3246737688114,False,False
2025-09-22T01:29:28,C:\Users\rjrie\Documents\neural_signal_db\quality_control\runs\current,S001_run02,P2..,3183.281474643493,False,False
2025-09-22T01:29:28,C:\Users\rjrie\Documents\neural_signal_db\quality_control\runs\current,S001_run02,P4..,2818.1256281493543,False,False
2025-09-22T01:29:28,C:\Users\rjrie\Documents\neural_signal_db\quality_control\runs\current,S001_run02,P6..,2573.4006076575515,False,False
2025-09-22T01:29:28,C:\Users\rjrie\Documents\neural_signal_db\quality_control\runs\current,S001_run02,P8..,2334.361990129921,False,False
2025-09-22T01:29:28,C:\Users\rjrie\Documents\neural_signal_db\quality_control\runs\current,S001_run02,Po7.,4538.0724662284165,False,False
2025-09-22T01:29:28,C:\Users\rjrie\Documents\neural_signal_db\quality_control\runs\current,S001_run02,Po3.,4391.542340338198,False,False
2025-09-22T01:29:28,C:\Users\rjrie\Documents\neural_signal_db\quality_control\runs\current,S001_run02,Poz.,4385.29799867937,False,False
2025-09-22T01:29:28,C:\Users\rjrie\Documents\neural_signal_db\quality_control\runs\current,S001_run02,Po4.,4667.910177665613,False,False
2025-09-22T01:29:28,C:\Users\rjrie\Documents\neural_signal_db\quality_control\runs\current,S001_run02,Po8.,6270.657200590819,False,False
2025-09-22T01:29:28,C:\Users\rjrie\Documents\neural_signal_db\quality_control\runs\current,S001_run02,O1..,6166.653382659231,False,False
2025-09-22T01:29:28,C:\Users\rjrie\Documents\neural_signal_db\quality_control\runs\current,S001_run02,Oz..,5092.489967992055,False,False
2025-09-22T01:29:28,C:\Users\rjrie\Documents\neural_signal_db\quality_control\runs\current,S001_run02,O2..,6378.083344268593,False,False
2025-09-22T01:29:28,C:\Users\rjrie\Documents\neural_signal_db\quality_control\runs\current,S001_run02,Iz..,4058.634299877384,False,False
2025-09-22T01:29:28,C:\Users\rjrie\Documents\neural_signal_db\quality_control\runs\current,S001_run03,Fc5.,54267517.03998877,False,False
2025-09-22T01:29:28,C:\Users\rjrie\Documents\neural_signal_db\quality_control\runs\current,S001_run03,Fc3.,55039775.936928086,False,False
2025-09-22T01:29:28,C:\Users\rjrie\Documents\neural_signal_db\quality_control\runs\current,S001_run03,Fc1.,53607240.48211743,False,False
2025-09-22T01:29:28,C:\Users\rjrie\Documents\neural_signal_db\quality_control\runs\current,S001_run03,Fcz.,54792846.37244554,False,False
2025-09-22T01:29:28,C:\Users\rjrie\Documents\neural_signal_db\quality_control\runs\current,S001_run03,Fc2.,54586975.87171573,False,False
2025-09-22T01:29:28,C:\Users\rjrie\Documents\neural_signal_db\quality_control\runs\current,S001_run03,Fc4.,54131666.21664617,False,False
2025-09-22T01:29:28,C:\Users\rjrie\Documents\neural_signal_db\quality_control\runs\current,S001_run03,Fc6.,54782648.3384433,False,False
2025-09-22T01:29:28,C:\Users\rjrie\Documents\neural_signal_db\quality_control\runs\current,S001_run03,C5..,53377032.792367965,False,False
2025-09-22T01:29:28,C:\Users\rjrie\Documents\neural_signal_db\quality_control\runs\current,S001_run03,C3..,54321236.65321744,False,False
2025-09-22T01:29:28,C:\Users\rjrie\Documents\neural_signal_db\quality_control\runs\current,S001_run03,C1..,54022662.32662904,False,False
2025-09-22T01:29:28,C:\Users\rjrie\Documents\neural_signal_db\quality_control\runs\current,S001_run03,Cz..,54150895.98481946,False,False
2025-09-22T01:29:28,C:\Users\rjrie\Documents\neural_signal_db\quality_control\runs\current,S001_run03,C2..,54764560.740553305,False,False
2025-09-22T01:29:28,C:\Users\rjrie\Documents\neural_signal_db\quality_control\runs\current,S001_run03,C4..,54700044.56601056,False,False
2025-09-22T01:29:28,C:\Users\rjrie\Documents\neural_signal_db\quality_control\runs\current,S001_run03,C6..,54731132.95900899,False,False
2025-09-22T01:29:28,C:\Users\rjrie\Documents\neural_signal_db\quality_control\runs\current,S001_run03,Cp5.,54645664.33343966,False,False
2025-09-22T01:29:28,C:\Users\rjrie\Documents\neural_signal_db\quality_control\runs\current,S001_run03,Cp3.,54269571.2426852,False,False
2025-09-22T01:29:28,C:\Users\rjrie\Documents\neural_signal_db\quality_control\runs\current,S001_run03,Cp1.,54973417.41879013,False,False
2025-09-22T01:29:28,C:\Users\rjrie\Documents\neural_signal_db\quality_control\runs\current,S001_run03,Cpz.,54395748.09737073,False,False
2025-09-22T01:29:28,C:\Users\rjrie\Documents\neural_signal_db\quality_control\runs\current,S001_run03,Cp2.,53944028.80116698,False,False
2025-09-22T01:29:28,C:\Users\rjrie\Documents\neural_signal_db\quality_control\runs\current,S001_run03,Cp4.,54494092.248576894,False,False
2025-09-22T01:29:28,C:\Users\rjrie\Documents\neural_signal_db\quality_control\runs\current,S001_run03,Cp6.,54903518.96268097,False,False
2025-09-22T01:29:28,C:\Users\rjrie\Documents\neural_signal_db\quality_control\runs\current,S001_run03,Fp1.,54579645.0901606,False,False
2025-09-22T01:29:28,C:\Users\rjrie\Documents\neural_signal_db\quality_control\runs\current,S001_run03,Fpz.,54438913.74207988,False,False
2025-09-22T01:29:28,C:\Users\rjrie\Documents\neural_signal_db\quality_control\runs\current,S001_run03,Fp2.,54643946.06471453,False,False
2025-09-22T01:29:28,C:\Users\rjrie\Documents\neural_signal_db\quality_control\runs\current,S001_run03,Af7.,53767426.393598415,False,False
2025-09-22T01:29:28,C:\Users\rjrie\Documents\neural_signal_db\quality_control\runs\current,S001_run03,Af3.,54604538.91134928,False,False
2025-09-22T01:29:28,C:\Users\rjrie\Documents\neural_signal_db\quality_control\runs\current,S001_run03,Afz.,54583555.95488234,False,False
2025-09-22T01:29:28,C:\Users\rjrie\Documents\neural_signal_db\quality_control\runs\current,S001_run03,Af4.,54422880.61049231,False,False
2025-09-22T01:29:28,C:\Users\rjrie\Documents\neural_signal_db\quality_control\runs\current,S001_run03,Af8.,53903479.773239724,False,False
2025-09-22T01:29:28,C:\Users\rjrie\Documents\neural_signal_db\quality_control\runs\current,S001_run03,F7..,55067780.35078406,False,False
2025-09-22T01:29:28,C:\Users\rjrie\Documents\neural_signal_db\quality_control\runs\current,S001_run03,F5..,53844995.95858588,False,False
2025-09-22T01:29:28,C:\Users\rjrie\Documents\neural_signal_db\quality_control\runs\current,S001_run03,F3..,54895441.78642616,False,False
2025-09-22T01:29:28,C:\Users\rjrie\Documents\neural_signal_db\quality_control\runs\current,S001_run03,F1..,53998506.08226271,False,False
2025-09-22T01:29:28,C:\Users\rjrie\Documents\neural_signal_db\quality_control\runs\current,S001_run03,Fz..,55265074.16221196,False,False
2025-09-22T01:29:28,C:\Users\rjrie\Documents\neural_signal_db\quality_control\runs\current,S001_run03,F2..,55251845.97743646,False,False
2025-09-22T01:29:28,C:\Users\rjrie\Documents\neural_signal_db\quality_control\runs\current,S001_run03,F4..,54740714.15410751,False,False
2025-09-22T01:29:28,C:\Users\rjrie\Documents\neural_signal_db\quality_control\runs\current,S001_run03,F6..,54021398.40710846,False,False
2025-09-22T01:29:28,C:\Users\rjrie\Documents\neural_signal_db\quality_control\runs\current,S001_run03,F8..,54975740.36410138,False,False
2025-09-22T01:29:28,C:\Users\rjrie\Documents\neural_signal_db\quality_control\runs\current,S001_run03,Ft7.,54472093.07914647,False,False
2025-09-22T01:29:28,C:\Users\rjrie\Documents\neural_signal_db\quality_control\runs\current,S001_run03,Ft8.,54900651.57071108,False,False
2025-09-22T01:29:28,C:\Users\rjrie\Documents\neural_signal_db\quality_control\runs\current,S001_run03,T7..,53945178.7349589,False,False
2025-09-22T01:29:28,C:\Users\rjrie\Documents\neural_signal_db\quality_control\runs\current,S001_run03,T8..,54198858.6264939,False,False
2025-09-22T01:29:28,C:\Users\rjrie\Documents\neural_signal_db\quality_control\runs\current,S001_run03,T9..,53662856.36994223,False,False
2025-09-22T01:29:28,C:\Users\rjrie\Documents\neural_signal_db\quality_control\runs\current,S001_run03,T10.,54220885.98314724,False,False
2025-09-22T01:29:28,C:\Users\rjrie\Documents\neural_signal_db\quality_control\runs\current,S001_run03,Tp7.,53892129.0653568,False,False
2025-09-22T01:29:28,C:\Users\rjrie\Documents\neural_signal_db\quality_control\runs\current,S001_run03,Tp8.,54624769.41322645,False,False
2025-09-22T01:29:28,C:\Users\rjrie\Documents\neural_signal_db\quality_control\runs\current,S001_run03,P7..,54153707.87739036,False,False
2025-09-22T01:29:28,C:\Users\rjrie\Documents\neural_signal_db\quality_control\runs\current,S001_run03,P5..,54530549.9009783,False,False
2025-09-22T01:29:28,C:\Users\rjrie\Documents\neural_signal_db\quality_control\runs\current,S001_run03,P3..,54695260.61460208,False,False
2025-09-22T01:29:28,C:\Users\rjrie\Documents\neural_signal_db\quality_control\runs\current,S001_run03,P1..,54387706.22349265,False,False
2025-09-22T01:29:28,C:\Users\rjrie\Documents\neural_signal_db\quality_control\runs\current,S001_run03,Pz..,54656266.54365094,False,False
2025-09-22T01:29:28,C:\Users\rjrie\Documents\neural_signal_db\quality_control\runs\current,S001_run03,P2..,53460452.29210476,False,False
2025-09-22T01:29:28,C:\Users\rjrie\Documents\neural_signal_db\quality_control\runs\current,S001_run03,P4..,54669627.80793642,False,False
2025-09-22T01:29:28,C:\Users\rjrie\Documents\neural_signal_db\quality_control\runs\current,S001_run03,P6..,54380769.91516044,False,False
2025-09-22T01:29:28,C:\Users\rjrie\Documents\neural_signal_db\quality_control\runs\current,S001_run03,P8..,54045756.994106464,False,False
2025-09-22T01:29:28,C:\Users\rjrie\Documents\neural_signal_db\quality_control\runs\current,S001_run03,Po7.,54076794.666003816,False,False
2025-09-22T01:29:28,C:\Users\rjrie\Documents\neural_signal_db\quality_control\runs\current,S001_run03,Po3.,53519124.01229954,False,False
2025-09-22T01:29:28,C:\Users\rjrie\Documents\neural_signal_db\quality_control\runs\current,S001_run03,Poz.,54393007.845182784,False,False
2025-09-22T01:29:28,C:\Users\rjrie\Documents\neural_signal_db\quality_control\runs\current,S001_run03,Po4.,54536963.2036183,False,False
2025-09-22T01:29:28,C:\Users\rjrie\Documents\neural_signal_db\quality_control\runs\current,S001_run03,Po8.,54330754.79095116,False,False
2025-09-22T01:29:28,C:\Users\rjrie\Documents\neural_signal_db\quality_control\runs\current,S001_run03,O1..,54742010.68630181,False,False
2025-09-22T01:29:28,C:\Users\rjrie\Documents\neural_signal_db\quality_control\runs\current,S001_run03,Oz..,54768109.7294889,False,False
2025-09-22T01:29:28,C:\Users\rjrie\Documents\neural_signal_db\quality_control\runs\current,S001_run03,O2..,54147794.599639766,False,False
2025-09-22T01:29:28,C:\Users\rjrie\Documents\neural_signal_db\quality_control\runs\current,S001_run03,Iz..,54665959.15807472,False,False
2025-09-22T01:29:28,C:\Users\rjrie\Documents\neural_signal_db\quality_control\runs\current,S001_run07,Fc5.,3142.7721795975,False,False
2025-09-22T01:29:28,C:\Users\rjrie\Documents\neural_signal_db\quality_control\runs\current,S001_run07,Fc3.,2886.38477136,False,False
2025-09-22T01:29:28,C:\Users\rjrie\Documents\neural_signal_db\quality_control\runs\current,S001_run07,Fc1.,3020.372499,False,False
2025-09-22T01:29:28,C:\Users\rjrie\Documents\neural_signal_db\quality_control\runs\current,S001_run07,Fcz.,3142.2910824774995,False,False
2025-09-22T01:29:28,C:\Users\rjrie\Documents\neural_signal_db\quality_control\runs\current,S001_run07,Fc2.,3125.0235403975,False,False
2025-09-22T01:29:28,C:\Users\rjrie\Documents\neural_signal_db\quality_control\runs\current,S001_run07,Fc4.,2551.1647984375,False,False
2025-09-22T01:29:28,C:\Users\rjrie\Documents\neural_signal_db\quality_control\runs\current,S001_run07,Fc6.,2432.2200004774995,False,False
2025-09-22T01:29:28,C:\Users\rjrie\Documents\neural_signal_db\quality_control\runs\current,S001_run07,C5..,3060.1493681975,False,False
2025-09-22T01:29:28,C:\Users\rjrie\Documents\neural_signal_db\quality_control\runs\current,S001_run07,C3..,2428.9938042975,False,False
2025-09-22T01:29:28,C:\Users\rjrie\Documents\neural_signal_db\quality_control\runs\current,S001_run07,C1..,2580.5505743775,False,False
2025-09-22T01:29:28,C:\Users\rjrie\Documents\neural_signal_db\quality_control\runs\current,S001_run07,Cz..,2835.17351119,False,False
2025-09-22T01:29:28,C:\Users\rjrie\Documents\neural_signal_db\quality_control\runs\current,S001_run07,C2..,2752.0054579974994,False,False
2025-09-22T01:29:28,C:\Users\rjrie\Documents\neural_signal_db\quality_control\runs\current,S001_run07,C4..,2057.35912256,False,False
2025-09-22T01:29:28,C:\Users\rjrie\Documents\neural_signal_db\quality_control\runs\current,S001_run07,C6..,1776.3332352975,False,False
2025-09-22T01:29:28,C:\Users\rjrie\Documents\neural_signal_db\quality_control\runs\current,S001_run07,Cp5.,2208.24975471,False,False
2025-09-22T01:29:28,C:\Users\rjrie\Documents\neural_signal_db\quality_control\runs\current,S001_run07,Cp3.,2374.0453029775,False,False
2025-09-22T01:29:28,C:\Users\rjrie\Documents\neural_signal_db\quality_control\runs\current,S001_run07,Cp1.,2473.11667119,False,False
2025-09-22T01:29:28,C:\Users\rjrie\Documents\neural_signal_db\quality_control\runs\current,S001_run07,Cpz.,2549.5460327599994,False,False
2025-09-22T01:29:28,C:\Users\rjrie\Documents\neural_signal_db\quality_control\runs\current,S001_run07,Cp2.,2258.73693775,False,False
2025-09-22T01:29:28,C:\Users\rjrie\Documents\neural_signal_db\quality_control\runs\current,S001_run07,Cp4.,2170.1267584775,False,False
2025-09-22T01:29:28,C:\Users\rjrie\Documents\neural_signal_db\quality_control\runs\current,S001_run07,Cp6.,1844.2039479975,False,False
2025-09-22T01:29:28,C:\Users\rjrie\Documents\neural_signal_db\quality_control\runs\current,S001_run07,Fp1.,11854.1574899375,False,False
2025-09-22T01:29:28,C:\Users\rjrie\Documents\neural_signal_db\quality_control\runs\current,S001_run07,Fpz.,9206.3384444375,False,False
2025-09-22T01:29:28,C:\Users\rjrie\Documents\neural_signal_db\quality_control\runs\current,S001_run07,Fp2.,10601.66961644,False,False
2025-09-22T01:29:28,C:\Users\rjrie\Documents\neural_signal_db\quality_control\runs\current,S001_run07,Af7.,9258.2953899375,False,False
2025-09-22T01:29:28,C:\Users\rjrie\Documents\neural_signal_db\quality_control\runs\current,S001_run07,Af3.,8797.01886879,False,False
2025-09-22T01:29:28,C:\Users\rjrie\Documents\neural_signal_db\quality_control\runs\current,S001_run07,Afz.,4696.11979375,False,False
2025-09-22T01:29:28,C:\Users\rjrie\Documents\neural_signal_db\quality_control\runs\current,S001_run07,Af4.,5835.386064777499,False,False
2025-09-22T01:29:28,C:\Users\rjrie\Documents\neural_signal_db\quality_control\runs\current,S001_run07,Af8.,9434.162684,False,False
2025-09-22T01:29:28,C:\Users\rjrie\Documents\neural_signal_db\quality_control\runs\current,S001_run07,F7..,4280.18128119,False,False
2025-09-22T01:29:28,C:\Users\rjrie\Documents\neural_signal_db\quality_control\runs\current,S001_run07,F5..,5105.237884959999,False,False
2025-09-22T01:29:28,C:\Users\rjrie\Documents\neural_signal_db\quality_control\runs\current,S001_run07,F3..,4101.0184845775,False,False
2025-09-22T01:29:28,C:\Users\rjrie\Documents\neural_signal_db\quality_control\runs\current,S001_run07,F1..,3865.2527134974994,False,False
2025-09-22T01:29:28,C:\Users\rjrie\Documents\neural_signal_db\quality_control\runs\current,S001_run07,Fz..,3730.26800775,False,False
2025-09-22T01:29:28,C:\Users\rjrie\Documents\neural_signal_db\quality_control\runs\current,S001_run07,F2..,3664.9537463775,False,False
2025-09-22T01:29:28,C:\Users\rjrie\Documents\neural_signal_db\quality_control\runs\current,S001_run07,F4..,3791.4761283899993,False,False
2025-09-22T01:29:28,C:\Users\rjrie\Documents\neural_signal_db\quality_control\runs\current,S001_run07,F6..,3956.3642791899993,False,False
2025-09-22T01:29:28,C:\Users\rjrie\Documents\neural_signal_db\quality_control\runs\current,S001_run07,F8..,4809.3309940975,False,False
2025-09-22T01:29:28,C:\Users\rjrie\Documents\neural_signal_db\quality_control\runs\current,S001_run07,Ft7.,2734.253375,False,False
2025-09-22T01:29:28,C:\Users\rjrie\Documents\neural_signal_db\quality_control\runs\current,S001_run07,Ft8.,2131.34261975,False,False
2025-09-22T01:29:28,C:\Users\rjrie\Documents\neural_signal_db\quality_control\runs\current,S001_run07,T7..,2214.7200841975,False,False
2025-09-22T01:29:28,C:\Users\rjrie\Documents\neural_signal_db\quality_control\runs\current,S001_run07,T8..,1508.6680847975,False,False
2025-09-22T01:29:28,C:\Users\rjrie\Documents\neural_signal_db\quality_control\runs\current,S001_run07,T9..,1883.6729089975,False,False
2025-09-22T01:29:28,C:\Users\rjrie\Documents\neural_signal_db\quality_control\runs\current,S001_run07,T10.,652.3194969599999,False,False
2025-09-22T01:29:28,C:\Users\rjrie\Documents\neural_signal_db\quality_control\runs\current,S001_run07,Tp7.,2035.21399191,False,False
2025-09-22T01:29:28,C:\Users\rjrie\Documents\neural_signal_db\quality_control\runs\current,S001_run07,Tp8.,1316.21824751,False,False
2025-09-22T01:29:28,C:\Users\rjrie\Documents\neural_signal_db\quality_control\runs\current,S001_run07,P7..,2042.58844316,False,False
2025-09-22T01:29:28,C:\Users\rjrie\Documents\neural_signal_db\quality_control\runs\current,S001_run07,P5..,2221.8517524375,False,False
2025-09-22T01:29:28,C:\Users\rjrie\Documents\neural_signal_db\quality_control\runs\current,S001_run07,P3..,2436.15690471,False,False
2025-09-22T01:29:28,C:\Users\rjrie\Documents\neural_signal_db\quality_control\runs\current,S001_run07,P1..,2453.2126510775,False,False
2025-09-22T01:29:28,C:\Users\rjrie\Documents\neural_signal_db\quality_control\runs\current,S001_run07,Pz..,2516.225124,False,False
2025-09-22T01:29:28,C:\Users\rjrie\Documents\neural_signal_db\quality_control\runs\current,S001_run07,P2..,2271.9753432775,False,False
2025-09-22T01:29:28,C:\Users\rjrie\Documents\neural_signal_db\quality_control\runs\current,S001_run07,P4..,2044.38191751,False,False
2025-09-22T01:29:28,C:\Users\rjrie\Documents\neural_signal_db\quality_control\runs\current,S001_run07,P6..,1710.22052775,False,False
2025-09-22T01:29:28,C:\Users\rjrie\Documents\neural_signal_db\quality_control\runs\current,S001_run07,P8..,1296.29706631,False,False
2025-09-22T01:29:28,C:\Users\rjrie\Documents\neural_signal_db\quality_control\runs\current,S001_run07,Po7.,2303.18155919,False,False
2025-09-22T01:29:28,C:\Users\rjrie\Documents\neural_signal_db\quality_control\runs\current,S001_run07,Po3.,2467.82575799,False,False
2025-09-22T01:29:28,C:\Users\rjrie\Documents\neural_signal_db\quality_control\runs\current,S001_run07,Poz.,2565.3955854775004,False,False
2025-09-22T01:29:28,C:\Users\rjrie\Documents\neural_signal_db\quality_control\runs\current,S001_run07,Po4.,2239.05407104,False,False
2025-09-22T01:29:28,C:\Users\rjrie\Documents\neural_signal_db\quality_control\runs\current,S001_run07,Po8.,2059.35240224,False,False
2025-09-22T01:29:28,C:\Users\rjrie\Documents\neural_signal_db\quality_control\runs\current,S001_run07,O1..,2462.76132204,False,False
2025-09-22T01:29:28,C:\Users\rjrie\Documents\neural_signal_db\quality_control\runs\current,S001_run07,Oz..,2333.8533102775,False,False
2025-09-22T01:29:28,C:\Users\rjrie\Documents\neural_signal_db\quality_control\runs\current,S001_run07,O2..,2917.7262310975,False,False
2025-09-22T01:29:28,C:\Users\rjrie\Documents\neural_signal_db\quality_control\runs\current,S001_run07,Iz..,2281.6723274775,False,False
2025-09-22T01:29:28,C:\Users\rjrie\Documents\neural_signal_db\quality_control\runs\current,S001_run11,Fc5.,4474.36897159,False,False
2025-09-22T01:29:28,C:\Users\rjrie\Documents\neural_signal_db\quality_control\runs\current,S001_run11,Fc3.,4284.100155777499,False,False
2025-09-22T01:29:28,C:\Users\rjrie\Documents\neural_signal_db\quality_control\runs\current,S001_run11,Fc1.,4374.2698721975,False,False
2025-09-22T01:29:28,C:\Users\rjrie\Documents\neural_signal_db\quality_control\runs\current,S001_run11,Fcz.,4349.8102944375,False,False
2025-09-22T01:29:28,C:\Users\rjrie\Documents\neural_signal_db\quality_control\runs\current,S001_run11,Fc2.,4173.115275039999,False,False
2025-09-22T01:29:28,C:\Users\rjrie\Documents\neural_signal_db\quality_control\runs\current,S001_run11,Fc4.,3636.77556079,False,False
2025-09-22T01:29:28,C:\Users\rjrie\Documents\neural_signal_db\quality_control\runs\current,S001_run11,Fc6.,3428.90813975,False,False
2025-09-22T01:29:28,C:\Users\rjrie\Documents\neural_signal_db\quality_control\runs\current,S001_run11,C5..,4693.298757077499,False,False
2025-09-22T01:29:28,C:\Users\rjrie\Documents\neural_signal_db\quality_control\runs\current,S001_run11,C3..,3969.5182679775,False,False
2025-09-22T01:29:28,C:\Users\rjrie\Documents\neural_signal_db\quality_control\runs\current,S001_run11,C1..,4158.78841719,False,False
2025-09-22T01:29:28,C:\Users\rjrie\Documents\neural_signal_db\quality_control\runs\current,S001_run11,Cz..,4559.6128759775,False,False
2025-09-22T01:29:28,C:\Users\rjrie\Documents\neural_signal_db\quality_control\runs\current,S001_run11,C2..,4219.05354119,False,False
2025-09-22T01:29:28,C:\Users\rjrie\Documents\neural_signal_db\quality_control\runs\current,S001_run11,C4..,3438.32376231,False,False
2025-09-22T01:29:28,C:\Users\rjrie\Documents\neural_signal_db\quality_control\runs\current,S001_run11,C6..,3169.18797456,False,False
2025-09-22T01:29:28,C:\Users\rjrie\Documents\neural_signal_db\quality_control\runs\current,S001_run11,Cp5.,3614.6861558975,False,False
2025-09-22T01:29:28,C:\Users\rjrie\Documents\neural_signal_db\quality_control\runs\current,S001_run11,Cp3.,3867.0680644375,False,False
2025-09-22T01:29:28,C:\Users\rjrie\Documents\neural_signal_db\quality_control\runs\current,S001_run11,Cp1.,4021.90321319,False,False
2025-09-22T01:29:28,C:\Users\rjrie\Documents\neural_signal_db\quality_control\runs\current,S001_run11,Cpz.,4158.44786796,False,False
2025-09-22T01:29:28,C:\Users\rjrie\Documents\neural_signal_db\quality_control\runs\current,S001_run11,Cp2.,3750.10134375,False,False
2025-09-22T01:29:28,C:\Users\rjrie\Documents\neural_signal_db\quality_control\runs\current,S001_run11,Cp4.,3610.22029391,False,False
2025-09-22T01:29:28,C:\Users\rjrie\Documents\neural_signal_db\quality_control\runs\current,S001_run11,Cp6.,3425.3480669375003,False,False
2025-09-22T01:29:28,C:\Users\rjrie\Documents\neural_signal_db\quality_control\runs\current,S001_run11,Fp1.,12849.748394397498,False,False
2025-09-22T01:29:28,C:\Users\rjrie\Documents\neural_signal_db\quality_control\runs\current,S001_run11,Fpz.,9995.57621799,False,False
2025-09-22T01:29:28,C:\Users\rjrie\Documents\neural_signal_db\quality_control\runs\current,S001_run11,Fp2.,12103.85995916,False,False
2025-09-22T01:29:28,C:\Users\rjrie\Documents\neural_signal_db\quality_control\runs\current,S001_run11,Af7.,10006.5282339775,False,False
2025-09-22T01:29:28,C:\Users\rjrie\Documents\neural_signal_db\quality_control\runs\current,S001_run11,Af3.,9527.8047816775,False,False
2025-09-22T01:29:28,C:\Users\rjrie\Documents\neural_signal_db\quality_control\runs\current,S001_run11,Afz.,5555.950812159998,False,False
2025-09-22T01:29:28,C:\Users\rjrie\Documents\neural_signal_db\quality_control\runs\current,S001_run11,Af4.,6501.141929437499,False,False
2025-09-22T01:29:28,C:\Users\rjrie\Documents\neural_signal_db\quality_control\runs\current,S001_run11,Af8.,10153.045942097498,False,False
2025-09-22T01:29:28,C:\Users\rjrie\Documents\neural_signal_db\quality_control\runs\current,S001_run11,F7..,5541.00133319,False,False
2025-09-22T01:29:28,C:\Users\rjrie\Documents\neural_signal_db\quality_control\runs\current,S001_run11,F5..,6232.66759375,False,False
2025-09-22T01:29:28,C:\Users\rjrie\Documents\neural_signal_db\quality_control\runs\current,S001_run11,F3..,4842.4988085775,False,False
2025-09-22T01:29:28,C:\Users\rjrie\Documents\neural_signal_db\quality_control\runs\current,S001_run11,F1..,4906.812417239999,False,False
2025-09-22T01:29:28,C:\Users\rjrie\Documents\neural_signal_db\quality_control\runs\current,S001_run11,Fz..,4769.090216759999,False,False
2025-09-22T01:29:28,C:\Users\rjrie\Documents\neural_signal_db\quality_control\runs\current,S001_run11,F2..,4530.165275999999,False,False
2025-09-22T01:29:28,C:\Users\rjrie\Documents\neural_signal_db\quality_control\runs\current,S001_run11,F4..,4520.6895024975,False,False
2025-09-22T01:29:28,C:\Users\rjrie\Documents\neural_signal_db\quality_control\runs\current,S001_run11,F6..,4331.0594670975,False,False
2025-09-22T01:29:28,C:\Users\rjrie\Documents\neural_signal_db\quality_control\runs\current,S001_run11,F8..,4220.81248359,False,False
2025-09-22T01:29:28,C:\Users\rjrie\Documents\neural_signal_db\quality_control\runs\current,S001_run11,Ft7.,4144.9938312775,False,False
2025-09-22T01:29:28,C:\Users\rjrie\Documents\neural_signal_db\quality_control\runs\current,S001_run11,Ft8.,3229.35604399,False,False
2025-09-22T01:29:28,C:\Users\rjrie\Documents\neural_signal_db\quality_control\runs\current,S001_run11,T7..,3892.92327311,False,False
2025-09-22T01:29:28,C:\Users\rjrie\Documents\neural_signal_db\quality_control\runs\current,S001_run11,T8..,3565.5875953774994,False,False
2025-09-22T01:29:28,C:\Users\rjrie\Documents\neural_signal_db\quality_control\runs\current,S001_run11,T9..,2976.03699439,False,False
2025-09-22T01:29:28,C:\Users\rjrie\Documents\neural_signal_db\quality_control\runs\current,S001_run11,T10.,1819.33577296,False,False
2025-09-22T01:29:28,C:\Users\rjrie\Documents\neural_signal_db\quality_control\runs\current,S001_run11,Tp7.,3502.86477756,False,False
2025-09-22T01:29:28,C:\Users\rjrie\Documents\neural_signal_db\quality_control\runs\current,S001_run11,Tp8.,2794.0163935600003,False,False
2025-09-22T01:29:28,C:\Users\rjrie\Documents\neural_signal_db\quality_control\runs\current,S001_run11,P7..,3489.1492273975,False,False
2025-09-22T01:29:28,C:\Users\rjrie\Documents\neural_signal_db\quality_control\runs\current,S001_run11,P5..,3644.99676511,False,False
2025-09-22T01:29:28,C:\Users\rjrie\Documents\neural_signal_db\quality_control\runs\current,S001_run11,P3..,3858.56389375,False,False
2025-09-22T01:29:28,C:\Users\rjrie\Documents\neural_signal_db\quality_control\runs\current,S001_run11,P1..,3869.964413239999,False,False
2025-09-22T01:29:28,C:\Users\rjrie\Documents\neural_signal_db\quality_control\runs\current,S001_run11,Pz..,3931.01196239,False,False
2025-09-22T01:29:28,C:\Users\rjrie\Documents\neural_signal_db\quality_control\runs\current,S001_run11,P2..,3822.9254874375,False,False
2025-09-22T01:29:28,C:\Users\rjrie\Documents\neural_signal_db\quality_control\runs\current,S001_run11,P4..,3526.6145943900005,False,False
2025-09-22T01:29:28,C:\Users\rjrie\Documents\neural_signal_db\quality_control\runs\current,S001_run11,P6..,3141.8235159999995,False,False
2025-09-22T01:29:28,C:\Users\rjrie\Documents\neural_signal_db\quality_control\runs\current,S001_run11,P8..,2776.524587697499,False,False
2025-09-22T01:29:28,C:\Users\rjrie\Documents\neural_signal_db\quality_control\runs\current,S001_run11,Po7.,3725.9170553775,False,False
2025-09-22T01:29:28,C:\Users\rjrie\Documents\neural_signal_db\quality_control\runs\current,S001_run11,Po3.,3873.176397559999,False,False
2025-09-22T01:29:28,C:\Users\rjrie\Documents\neural_signal_db\quality_control\runs\current,S001_run11,Poz.,4176.5861899375,False,False
2025-09-22T01:29:28,C:\Users\rjrie\Documents\neural_signal_db\quality_control\runs\current,S001_run11,Po4.,3792.33578924,False,False
2025-09-22T01:29:28,C:\Users\rjrie\Documents\neural_signal_db\quality_control\runs\current,S001_run11,Po8.,3670.9119241975,False,False
2025-09-22T01:29:28,C:\Users\rjrie\Documents\neural_signal_db\quality_control\runs\current,S001_run11,O1..,3956.922136937499,False,False
2025-09-22T01:29:28,C:\Users\rjrie\Documents\neural_signal_db\quality_control\runs\current,S001_run11,Oz..,3959.039036,False,False
2025-09-22T01:29:28,C:\Users\rjrie\Documents\neural_signal_db\quality_control\runs\current,S001_run11,O2..,4397.5089529775,False,False
2025-09-22T01:29:28,C:\Users\rjrie\Documents\neural_signal_db\quality_control\runs\current,S001_run11,Iz..,3888.281679159999,False,False
2025-09-22T01:29:28,C:\Users\rjrie\Documents\neural_signal_db\quality_control\runs\current,S002_run01,Fc5.,969.9726921421492,False,False
2025-09-22T01:29:28,C:\Users\rjrie\Documents\neural_signal_db\quality_control\runs\current,S002_run01,Fc3.,797.3765619121202,False,False
2025-09-22T01:29:28,C:\Users\rjrie\Documents\neural_signal_db\quality_control\runs\current,S002_run01,Fc1.,683.4686821313994,False,False
2025-09-22T01:29:28,C:\Users\rjrie\Documents\neural_signal_db\quality_control\runs\current,S002_run01,Fcz.,685.6993522301632,False,False
2025-09-22T01:29:28,C:\Users\rjrie\Documents\neural_signal_db\quality_control\runs\current,S002_run01,Fc2.,701.8028033353769,False,False
2025-09-22T01:29:28,C:\Users\rjrie\Documents\neural_signal_db\quality_control\runs\current,S002_run01,Fc4.,718.7513356519585,False,False
2025-09-22T01:29:28,C:\Users\rjrie\Documents\neural_signal_db\quality_control\runs\current,S002_run01,Fc6.,1051.3751242840465,False,False
2025-09-22T01:29:28,C:\Users\rjrie\Documents\neural_signal_db\quality_control\runs\current,S002_run01,C5..,1074.1857405498354,False,False
2025-09-22T01:29:28,C:\Users\rjrie\Documents\neural_signal_db\quality_control\runs\current,S002_run01,C3..,796.6785984005475,False,False
2025-09-22T01:29:28,C:\Users\rjrie\Documents\neural_signal_db\quality_control\runs\current,S002_run01,C1..,684.0101973595807,False,False
2025-09-22T01:29:28,C:\Users\rjrie\Documents\neural_signal_db\quality_control\runs\current,S002_run01,Cz..,624.0095874659869,False,False
2025-09-22T01:29:28,C:\Users\rjrie\Documents\neural_signal_db\quality_control\runs\current,S002_run01,C2..,574.458354608976,False,False
2025-09-22T01:29:28,C:\Users\rjrie\Documents\neural_signal_db\quality_control\runs\current,S002_run01,C4..,457.8275792797634,False,False
2025-09-22T01:29:28,C:\Users\rjrie\Documents\neural_signal_db\quality_control\runs\current,S002_run01,C6..,554.2850797836602,False,False
2025-09-22T01:29:28,C:\Users\rjrie\Documents\neural_signal_db\quality_control\runs\current,S002_run01,Cp5.,566.0949501037187,False,False
2025-09-22T01:29:28,C:\Users\rjrie\Documents\neural_signal_db\quality_control\runs\current,S002_run01,Cp3.,667.7160901702332,False,False
2025-09-22T01:29:28,C:\Users\rjrie\Documents\neural_signal_db\quality_control\runs\current,S002_run01,Cp1.,503.25092040950005,False,False
2025-09-22T01:29:28,C:\Users\rjrie\Documents\neural_signal_db\quality_control\runs\current,S002_run01,Cpz.,592.3278117021634,False,False
2025-09-22T01:29:28,C:\Users\rjrie\Documents\neural_signal_db\quality_control\runs\current,S002_run01,Cp2.,487.0411448430361,False,False
2025-09-22T01:29:28,C:\Users\rjrie\Documents\neural_signal_db\quality_control\runs\current,S002_run01,Cp4.,392.4975506311307,False,False
2025-09-22T01:29:28,C:\Users\rjrie\Documents\neural_signal_db\quality_control\runs\current,S002_run01,Cp6.,298.7468743176397,False,False
2025-09-22T01:29:28,C:\Users\rjrie\Documents\neural_signal_db\quality_control\runs\current,S002_run01,Fp1.,4876.097214196032,False,False
2025-09-22T01:29:28,C:\Users\rjrie\Documents\neural_signal_db\quality_control\runs\current,S002_run01,Fpz.,4397.324122841641,False,False
2025-09-22T01:29:28,C:\Users\rjrie\Documents\neural_signal_db\quality_control\runs\current,S002_run01,Fp2.,4718.431371680579,False,False
2025-09-22T01:29:28,C:\Users\rjrie\Documents\neural_signal_db\quality_control\runs\current,S002_run01,Af7.,5879.779691184745,False,False
2025-09-22T01:29:28,C:\Users\rjrie\Documents\neural_signal_db\quality_control\runs\current,S002_run01,Af3.,2254.5772952394345,False,False
2025-09-22T01:29:28,C:\Users\rjrie\Documents\neural_signal_db\quality_control\runs\current,S002_run01,Afz.,1899.08061000907,False,False
2025-09-22T01:29:28,C:\Users\rjrie\Documents\neural_signal_db\quality_control\runs\current,S002_run01,Af4.,2265.328953479828,False,False
2025-09-22T01:29:28,C:\Users\rjrie\Documents\neural_signal_db\quality_control\runs\current,S002_run01,Af8.,4691.5837711216745,False,False
2025-09-22T01:29:28,C:\Users\rjrie\Documents\neural_signal_db\quality_control\runs\current,S002_run01,F7..,2212.83696918671,False,False
2025-09-22T01:29:28,C:\Users\rjrie\Documents\neural_signal_db\quality_control\runs\current,S002_run01,F5..,1635.3987607393003,False,False
2025-09-22T01:29:28,C:\Users\rjrie\Documents\neural_signal_db\quality_control\runs\current,S002_run01,F3..,1062.024917602375,False,False
2025-09-22T01:29:28,C:\Users\rjrie\Documents\neural_signal_db\quality_control\runs\current,S002_run01,F1..,944.6532524438996,False,False
2025-09-22T01:29:28,C:\Users\rjrie\Documents\neural_signal_db\quality_control\runs\current,S002_run01,Fz..,931.1425287221176,False,False
2025-09-22T01:29:28,C:\Users\rjrie\Documents\neural_signal_db\quality_control\runs\current,S002_run01,F2..,1046.2049507860788,False,False
2025-09-22T01:29:28,C:\Users\rjrie\Documents\neural_signal_db\quality_control\runs\current,S002_run01,F4..,1169.3252626981994,False,False
2025-09-22T01:29:28,C:\Users\rjrie\Documents\neural_signal_db\quality_control\runs\current,S002_run01,F6..,1927.624658651908,False,False
2025-09-22T01:29:28,C:\Users\rjrie\Documents\neural_signal_db\quality_control\runs\current,S002_run01,F8..,2440.6049771461803,False,False
2025-09-22T01:29:28,C:\Users\rjrie\Documents\neural_signal_db\quality_control\runs\current,S002_run01,Ft7.,1409.9562489502148,False,False
2025-09-22T01:29:28,C:\Users\rjrie\Documents\neural_signal_db\quality_control\runs\current,S002_run01,Ft8.,1060.9652502267536,False,False
2025-09-22T01:29:28,C:\Users\rjrie\Documents\neural_signal_db\quality_control\runs\current,S002_run01,T7..,2725.20845932503,False,False
2025-09-22T01:29:28,C:\Users\rjrie\Documents\neural_signal_db\quality_control\runs\current,S002_run01,T8..,607.7120501776235,False,False
2025-09-22T01:29:28,C:\Users\rjrie\Documents\neural_signal_db\quality_control\runs\current,S002_run01,T9..,761.082979667764,False,False
2025-09-22T01:29:28,C:\Users\rjrie\Documents\neural_signal_db\quality_control\runs\current,S002_run01,T10.,335.06604403218216,False,False
2025-09-22T01:29:28,C:\Users\rjrie\Documents\neural_signal_db\quality_control\runs\current,S002_run01,Tp7.,566.099341196923,False,False
2025-09-22T01:29:28,C:\Users\rjrie\Documents\neural_signal_db\quality_control\runs\current,S002_run01,Tp8.,249.15123018005912,False,False
2025-09-22T01:29:28,C:\Users\rjrie\Documents\neural_signal_db\quality_control\runs\current,S002_run01,P7..,382.012483192942,False,False
2025-09-22T01:29:28,C:\Users\rjrie\Documents\neural_signal_db\quality_control\runs\current,S002_run01,P5..,519.17754340861,False,False
2025-09-22T01:29:28,C:\Users\rjrie\Documents\neural_signal_db\quality_control\runs\current,S002_run01,P3..,458.779014335864,False,False
2025-09-22T01:29:28,C:\Users\rjrie\Documents\neural_signal_db\quality_control\runs\current,S002_run01,P1..,455.6735519685568,False,False
2025-09-22T01:29:28,C:\Users\rjrie\Documents\neural_signal_db\quality_control\runs\current,S002_run01,Pz..,502.3894155531946,False,False
2025-09-22T01:29:28,C:\Users\rjrie\Documents\neural_signal_db\quality_control\runs\current,S002_run01,P2..,462.6866187579784,False,False
2025-09-22T01:29:28,C:\Users\rjrie\Documents\neural_signal_db\quality_control\runs\current,S002_run01,P4..,386.7248508360488,False,False
2025-09-22T01:29:28,C:\Users\rjrie\Documents\neural_signal_db\quality_control\runs\current,S002_run01,P6..,328.8769449996641,False,False
2025-09-22T01:29:28,C:\Users\rjrie\Documents\neural_signal_db\quality_control\runs\current,S002_run01,P8..,244.23232328969027,False,False
2025-09-22T01:29:28,C:\Users\rjrie\Documents\neural_signal_db\quality_control\runs\current,S002_run01,Po7.,415.596705932125,False,False
2025-09-22T01:29:28,C:\Users\rjrie\Documents\neural_signal_db\quality_control\runs\current,S002_run01,Po3.,595.2481301649422,False,False
2025-09-22T01:29:28,C:\Users\rjrie\Documents\neural_signal_db\quality_control\runs\current,S002_run01,Poz.,566.3609442606154,False,False
2025-09-22T01:29:28,C:\Users\rjrie\Documents\neural_signal_db\quality_control\runs\current,S002_run01,Po4.,390.7265343552641,False,False
2025-09-22T01:29:28,C:\Users\rjrie\Documents\neural_signal_db\quality_control\runs\current,S002_run01,Po8.,458.0245773040681,False,False
2025-09-22T01:29:28,C:\Users\rjrie\Documents\neural_signal_db\quality_control\runs\current,S002_run01,O1..,577.4324175183921,False,False
2025-09-22T01:29:28,C:\Users\rjrie\Documents\neural_signal_db\quality_control\runs\current,S002_run01,Oz..,409.4595897335226,False,False
2025-09-22T01:29:28,C:\Users\rjrie\Documents\neural_signal_db\quality_control\runs\current,S002_run01,O2..,641.474375839828,False,False
2025-09-22T01:29:28,C:\Users\rjrie\Documents\neural_signal_db\quality_control\runs\current,S002_run01,Iz..,409.6262766960327,False,False
2025-09-22T01:29:29,C:\Users\rjrie\Documents\neural_signal_db\quality_control\runs\current,S002_run02,Fc5.,516.400151914388,False,False
2025-09-22T01:29:29,C:\Users\rjrie\Documents\neural_signal_db\quality_control\runs\current,S002_run02,Fc3.,580.8362603718758,False,False
2025-09-22T01:29:29,C:\Users\rjrie\Documents\neural_signal_db\quality_control\runs\current,S002_run02,Fc1.,678.1450166180966,False,False
2025-09-22T01:29:29,C:\Users\rjrie\Documents\neural_signal_db\quality_control\runs\current,S002_run02,Fcz.,766.2443559254064,False,False
2025-09-22T01:29:29,C:\Users\rjrie\Documents\neural_signal_db\quality_control\runs\current,S002_run02,Fc2.,700.5643337539473,False,False
2025-09-22T01:29:29,C:\Users\rjrie\Documents\neural_signal_db\quality_control\runs\current,S002_run02,Fc4.,591.3199863947863,False,False
2025-09-22T01:29:29,C:\Users\rjrie\Documents\neural_signal_db\quality_control\runs\current,S002_run02,Fc6.,419.789952255778,False,False
2025-09-22T01:29:29,C:\Users\rjrie\Documents\neural_signal_db\quality_control\runs\current,S002_run02,C5..,456.2945394278252,False,False
2025-09-22T01:29:29,C:\Users\rjrie\Documents\neural_signal_db\quality_control\runs\current,S002_run02,C3..,583.3259827667293,False,False
2025-09-22T01:29:29,C:\Users\rjrie\Documents\neural_signal_db\quality_control\runs\current,S002_run02,C1..,814.3224499042594,False,False
2025-09-22T01:29:29,C:\Users\rjrie\Documents\neural_signal_db\quality_control\runs\current,S002_run02,Cz..,893.0767308750167,False,False
2025-09-22T01:29:29,C:\Users\rjrie\Documents\neural_signal_db\quality_control\runs\current,S002_run02,C2..,781.2501716503459,False,False
2025-09-22T01:29:29,C:\Users\rjrie\Documents\neural_signal_db\quality_control\runs\current,S002_run02,C4..,577.4905871657483,False,False
2025-09-22T01:29:29,C:\Users\rjrie\Documents\neural_signal_db\quality_control\runs\current,S002_run02,C6..,397.5276786209184,False,False
2025-09-22T01:29:29,C:\Users\rjrie\Documents\neural_signal_db\quality_control\runs\current,S002_run02,Cp5.,555.9390605683956,False,False
2025-09-22T01:29:29,C:\Users\rjrie\Documents\neural_signal_db\quality_control\runs\current,S002_run02,Cp3.,790.5691667121573,False,False
2025-09-22T01:29:29,C:\Users\rjrie\Documents\neural_signal_db\quality_control\runs\current,S002_run02,Cp1.,921.8962341167528,False,False
2025-09-22T01:29:29,C:\Users\rjrie\Documents\neural_signal_db\quality_control\runs\current,S002_run02,Cpz.,1149.4878274384405,False,False
2025-09-22T01:29:29,C:\Users\rjrie\Documents\neural_signal_db\quality_control\runs\current,S002_run02,Cp2.,999.131688295737,False,False
2025-09-22T01:29:29,C:\Users\rjrie\Documents\neural_signal_db\quality_control\runs\current,S002_run02,Cp4.,755.0237549969767,False,False
2025-09-22T01:29:29,C:\Users\rjrie\Documents\neural_signal_db\quality_control\runs\current,S002_run02,Cp6.,521.4946902294411,False,False
2025-09-22T01:29:29,C:\Users\rjrie\Documents\neural_signal_db\quality_control\runs\current,S002_run02,Fp1.,1614.8247935702766,False,False
2025-09-22T01:29:29,C:\Users\rjrie\Documents\neural_signal_db\quality_control\runs\current,S002_run02,Fpz.,1096.7910604928109,False,False
2025-09-22T01:29:29,C:\Users\rjrie\Documents\neural_signal_db\quality_control\runs\current,S002_run02,Fp2.,981.462407576928,False,False
2025-09-22T01:29:29,C:\Users\rjrie\Documents\neural_signal_db\quality_control\runs\current,S002_run02,Af7.,1748.6262706492707,False,False
2025-09-22T01:29:29,C:\Users\rjrie\Documents\neural_signal_db\quality_control\runs\current,S002_run02,Af3.,996.6119436559392,False,False
2025-09-22T01:29:29,C:\Users\rjrie\Documents\neural_signal_db\quality_control\runs\current,S002_run02,Afz.,772.0182722953338,False,False
2025-09-22T01:29:29,C:\Users\rjrie\Documents\neural_signal_db\quality_control\runs\current,S002_run02,Af4.,681.9200634490056,False,False
2025-09-22T01:29:29,C:\Users\rjrie\Documents\neural_signal_db\quality_control\runs\current,S002_run02,Af8.,960.9401568378796,False,False
2025-09-22T01:29:29,C:\Users\rjrie\Documents\neural_signal_db\quality_control\runs\current,S002_run02,F7..,760.7507558032114,False,False
2025-09-22T01:29:29,C:\Users\rjrie\Documents\neural_signal_db\quality_control\runs\current,S002_run02,F5..,881.6720495897439,False,False
2025-09-22T01:29:29,C:\Users\rjrie\Documents\neural_signal_db\quality_control\runs\current,S002_run02,F3..,684.0441073363176,False,False
2025-09-22T01:29:29,C:\Users\rjrie\Documents\neural_signal_db\quality_control\runs\current,S002_run02,F1..,714.5798413984816,False,False
2025-09-22T01:29:29,C:\Users\rjrie\Documents\neural_signal_db\quality_control\runs\current,S002_run02,Fz..,704.8841793095775,False,False
2025-09-22T01:29:29,C:\Users\rjrie\Documents\neural_signal_db\quality_control\runs\current,S002_run02,F2..,653.2789932876747,False,False
2025-09-22T01:29:29,C:\Users\rjrie\Documents\neural_signal_db\quality_control\runs\current,S002_run02,F4..,647.8920391023919,False,False
2025-09-22T01:29:29,C:\Users\rjrie\Documents\neural_signal_db\quality_control\runs\current,S002_run02,F6..,619.0720673206126,False,False
2025-09-22T01:29:29,C:\Users\rjrie\Documents\neural_signal_db\quality_control\runs\current,S002_run02,F8..,362.9080723322864,False,False
2025-09-22T01:29:29,C:\Users\rjrie\Documents\neural_signal_db\quality_control\runs\current,S002_run02,Ft7.,397.4676516729373,False,False
2025-09-22T01:29:29,C:\Users\rjrie\Documents\neural_signal_db\quality_control\runs\current,S002_run02,Ft8.,239.8728684220472,False,False
2025-09-22T01:29:29,C:\Users\rjrie\Documents\neural_signal_db\quality_control\runs\current,S002_run02,T7..,1001.9818529965062,False,False
2025-09-22T01:29:29,C:\Users\rjrie\Documents\neural_signal_db\quality_control\runs\current,S002_run02,T8..,317.39678966297697,False,False
2025-09-22T01:29:29,C:\Users\rjrie\Documents\neural_signal_db\quality_control\runs\current,S002_run02,T9..,254.96886522440195,False,False
2025-09-22T01:29:29,C:\Users\rjrie\Documents\neural_signal_db\quality_control\runs\current,S002_run02,T10.,132.37817109605953,False,False
2025-09-22T01:29:29,C:\Users\rjrie\Documents\neural_signal_db\quality_control\runs\current,S002_run02,Tp7.,360.497058407938,False,False
2025-09-22T01:29:29,C:\Users\rjrie\Documents\neural_signal_db\quality_control\runs\current,S002_run02,Tp8.,304.3197472852559,False,False
2025-09-22T01:29:29,C:\Users\rjrie\Documents\neural_signal_db\quality_control\runs\current,S002_run02,P7..,547.1008192942085,False,False
2025-09-22T01:29:29,C:\Users\rjrie\Documents\neural_signal_db\quality_control\runs\current,S002_run02,P5..,895.3516769265655,False,False
2025-09-22T01:29:29,C:\Users\rjrie\Documents\neural_signal_db\quality_control\runs\current,S002_run02,P3..,954.0499745427136,False,False
2025-09-22T01:29:29,C:\Users\rjrie\Documents\neural_signal_db\quality_control\runs\current,S002_run02,P1..,1213.025640956732,False,False
2025-09-22T01:29:29,C:\Users\rjrie\Documents\neural_signal_db\quality_control\runs\current,S002_run02,Pz..,1327.675909995633,False,False
2025-09-22T01:29:29,C:\Users\rjrie\Documents\neural_signal_db\quality_control\runs\current,S002_run02,P2..,1266.964221269484,False,False
2025-09-22T01:29:29,C:\Users\rjrie\Documents\neural_signal_db\quality_control\runs\current,S002_run02,P4..,1000.5716074203002,False,False
2025-09-22T01:29:29,C:\Users\rjrie\Documents\neural_signal_db\quality_control\runs\current,S002_run02,P6..,833.3160666550491,False,False
2025-09-22T01:29:29,C:\Users\rjrie\Documents\neural_signal_db\quality_control\runs\current,S002_run02,P8..,543.7968647121069,False,False
2025-09-22T01:29:29,C:\Users\rjrie\Documents\neural_signal_db\quality_control\runs\current,S002_run02,Po7.,1084.2073022939903,False,False
2025-09-22T01:29:29,C:\Users\rjrie\Documents\neural_signal_db\quality_control\runs\current,S002_run02,Po3.,1264.1098448732698,False,False
2025-09-22T01:29:29,C:\Users\rjrie\Documents\neural_signal_db\quality_control\runs\current,S002_run02,Poz.,1996.9363063944504,False,False
2025-09-22T01:29:29,C:\Users\rjrie\Documents\neural_signal_db\quality_control\runs\current,S002_run02,Po4.,1249.0641117979037,False,False
2025-09-22T01:29:29,C:\Users\rjrie\Documents\neural_signal_db\quality_control\runs\current,S002_run02,Po8.,1331.1889236764312,False,False
2025-09-22T01:29:29,C:\Users\rjrie\Documents\neural_signal_db\quality_control\runs\current,S002_run02,O1..,1671.808201718288,False,False
2025-09-22T01:29:29,C:\Users\rjrie\Documents\neural_signal_db\quality_control\runs\current,S002_run02,Oz..,1067.2967666516895,False,False
2025-09-22T01:29:29,C:\Users\rjrie\Documents\neural_signal_db\quality_control\runs\current,S002_run02,O2..,2030.2326770252453,False,False
2025-09-22T01:29:29,C:\Users\rjrie\Documents\neural_signal_db\quality_control\runs\current,S002_run02,Iz..,1062.9022124323938,False,False
2025-09-22T01:29:29,C:\Users\rjrie\Documents\neural_signal_db\quality_control\runs\current,S002_run03,Fc5.,950.3339728336308,False,False
2025-09-22T01:29:29,C:\Users\rjrie\Documents\neural_signal_db\quality_control\runs\current,S002_run03,Fc3.,786.613353493291,False,False
2025-09-22T01:29:29,C:\Users\rjrie\Documents\neural_signal_db\quality_control\runs\current,S002_run03,Fc1.,641.4391036848725,False,False
2025-09-22T01:29:29,C:\Users\rjrie\Documents\neural_signal_db\quality_control\runs\current,S002_run03,Fcz.,593.1604848201301,False,False
2025-09-22T01:29:29,C:\Users\rjrie\Documents\neural_signal_db\quality_control\runs\current,S002_run03,Fc2.,548.952078623835,False,False
2025-09-22T01:29:29,C:\Users\rjrie\Documents\neural_signal_db\quality_control\runs\current,S002_run03,Fc4.,509.1759433455615,False,False
2025-09-22T01:29:29,C:\Users\rjrie\Documents\neural_signal_db\quality_control\runs\current,S002_run03,Fc6.,560.9152962620423,False,False
2025-09-22T01:29:29,C:\Users\rjrie\Documents\neural_signal_db\quality_control\runs\current,S002_run03,C5..,944.4942064805174,False,False
2025-09-22T01:29:29,C:\Users\rjrie\Documents\neural_signal_db\quality_control\runs\current,S002_run03,C3..,782.7567643164617,False,False
2025-09-22T01:29:29,C:\Users\rjrie\Documents\neural_signal_db\quality_control\runs\current,S002_run03,C1..,709.7527002672847,False,False
2025-09-22T01:29:29,C:\Users\rjrie\Documents\neural_signal_db\quality_control\runs\current,S002_run03,Cz..,579.4537529098709,False,False
2025-09-22T01:29:29,C:\Users\rjrie\Documents\neural_signal_db\quality_control\runs\current,S002_run03,C2..,545.0849027943024,False,False
2025-09-22T01:29:29,C:\Users\rjrie\Documents\neural_signal_db\quality_control\runs\current,S002_run03,C4..,376.5789604298863,False,False
2025-09-22T01:29:29,C:\Users\rjrie\Documents\neural_signal_db\quality_control\runs\current,S002_run03,C6..,346.2160379073304,False,False
2025-09-22T01:29:29,C:\Users\rjrie\Documents\neural_signal_db\quality_control\runs\current,S002_run03,Cp5.,969.075037169922,False,False
2025-09-22T01:29:29,C:\Users\rjrie\Documents\neural_signal_db\quality_control\runs\current,S002_run03,Cp3.,790.0058743865259,False,False
2025-09-22T01:29:29,C:\Users\rjrie\Documents\neural_signal_db\quality_control\runs\current,S002_run03,Cp1.,559.3446338055226,False,False
2025-09-22T01:29:29,C:\Users\rjrie\Documents\neural_signal_db\quality_control\runs\current,S002_run03,Cpz.,536.588461687818,False,False
2025-09-22T01:29:29,C:\Users\rjrie\Documents\neural_signal_db\quality_control\runs\current,S002_run03,Cp2.,431.85525955687336,False,False
2025-09-22T01:29:29,C:\Users\rjrie\Documents\neural_signal_db\quality_control\runs\current,S002_run03,Cp4.,350.1071460440214,False,False
2025-09-22T01:29:29,C:\Users\rjrie\Documents\neural_signal_db\quality_control\runs\current,S002_run03,Cp6.,252.9404167492894,False,False
2025-09-22T01:29:29,C:\Users\rjrie\Documents\neural_signal_db\quality_control\runs\current,S002_run03,Fp1.,2598.287770630907,False,False
2025-09-22T01:29:29,C:\Users\rjrie\Documents\neural_signal_db\quality_control\runs\current,S002_run03,Fpz.,2118.350789953793,False,False
2025-09-22T01:29:29,C:\Users\rjrie\Documents\neural_signal_db\quality_control\runs\current,S002_run03,Fp2.,2171.6234235160946,False,False
2025-09-22T01:29:29,C:\Users\rjrie\Documents\neural_signal_db\quality_control\runs\current,S002_run03,Af7.,3967.2220772579767,False,True
2025-09-22T01:29:29,C:\Users\rjrie\Documents\neural_signal_db\quality_control\runs\current,S002_run03,Af3.,1470.4565755750546,False,False
2025-09-22T01:29:29,C:\Users\rjrie\Documents\neural_signal_db\quality_control\runs\current,S002_run03,Afz.,1067.98277397713,False,False
2025-09-22T01:29:29,C:\Users\rjrie\Documents\neural_signal_db\quality_control\runs\current,S002_run03,Af4.,1120.3377841164938,False,False
2025-09-22T01:29:29,C:\Users\rjrie\Documents\neural_signal_db\quality_control\runs\current,S002_run03,Af8.,2182.642754963563,False,False
2025-09-22T01:29:29,C:\Users\rjrie\Documents\neural_signal_db\quality_control\runs\current,S002_run03,F7..,1564.425475078388,False,False
2025-09-22T01:29:29,C:\Users\rjrie\Documents\neural_signal_db\quality_control\runs\current,S002_run03,F5..,1457.6663892994206,False,False
2025-09-22T01:29:29,C:\Users\rjrie\Documents\neural_signal_db\quality_control\runs\current,S002_run03,F3..,876.3259292971075,False,False
2025-09-22T01:29:29,C:\Users\rjrie\Documents\neural_signal_db\quality_control\runs\current,S002_run03,F1..,765.2376962187686,False,False
2025-09-22T01:29:29,C:\Users\rjrie\Documents\neural_signal_db\quality_control\runs\current,S002_run03,Fz..,678.0913444145968,False,False
2025-09-22T01:29:29,C:\Users\rjrie\Documents\neural_signal_db\quality_control\runs\current,S002_run03,F2..,674.68010596113,False,False
2025-09-22T01:29:29,C:\Users\rjrie\Documents\neural_signal_db\quality_control\runs\current,S002_run03,F4..,769.2840837133981,False,False
2025-09-22T01:29:29,C:\Users\rjrie\Documents\neural_signal_db\quality_control\runs\current,S002_run03,F6..,1027.422294617849,False,False
2025-09-22T01:29:29,C:\Users\rjrie\Documents\neural_signal_db\quality_control\runs\current,S002_run03,F8..,1421.914893145511,False,False
2025-09-22T01:29:29,C:\Users\rjrie\Documents\neural_signal_db\quality_control\runs\current,S002_run03,Ft7.,839.1517682074781,False,False
2025-09-22T01:29:29,C:\Users\rjrie\Documents\neural_signal_db\quality_control\runs\current,S002_run03,Ft8.,671.6221953465819,False,False
2025-09-22T01:29:29,C:\Users\rjrie\Documents\neural_signal_db\quality_control\runs\current,S002_run03,T7..,1462.7456722163354,False,False
2025-09-22T01:29:29,C:\Users\rjrie\Documents\neural_signal_db\quality_control\runs\current,S002_run03,T8..,429.81849428250376,False,False
2025-09-22T01:29:29,C:\Users\rjrie\Documents\neural_signal_db\quality_control\runs\current,S002_run03,T9..,622.0112016243638,False,False
2025-09-22T01:29:29,C:\Users\rjrie\Documents\neural_signal_db\quality_control\runs\current,S002_run03,T10.,193.0195012889153,False,False
2025-09-22T01:29:29,C:\Users\rjrie\Documents\neural_signal_db\quality_control\runs\current,S002_run03,Tp7.,718.1804471131602,False,False
2025-09-22T01:29:29,C:\Users\rjrie\Documents\neural_signal_db\quality_control\runs\current,S002_run03,Tp8.,191.68938751476884,False,False
2025-09-22T01:29:29,C:\Users\rjrie\Documents\neural_signal_db\quality_control\runs\current,S002_run03,P7..,614.6313560773183,False,False
2025-09-22T01:29:29,C:\Users\rjrie\Documents\neural_signal_db\quality_control\runs\current,S002_run03,P5..,748.2863761649811,False,False
2025-09-22T01:29:29,C:\Users\rjrie\Documents\neural_signal_db\quality_control\runs\current,S002_run03,P3..,637.5704305447114,False,False
2025-09-22T01:29:29,C:\Users\rjrie\Documents\neural_signal_db\quality_control\runs\current,S002_run03,P1..,495.3261667136584,False,False
2025-09-22T01:29:29,C:\Users\rjrie\Documents\neural_signal_db\quality_control\runs\current,S002_run03,Pz..,474.5811481157875,False,False
2025-09-22T01:29:29,C:\Users\rjrie\Documents\neural_signal_db\quality_control\runs\current,S002_run03,P2..,460.08536212530566,False,False
2025-09-22T01:29:29,C:\Users\rjrie\Documents\neural_signal_db\quality_control\runs\current,S002_run03,P4..,376.8184990307315,False,False
2025-09-22T01:29:29,C:\Users\rjrie\Documents\neural_signal_db\quality_control\runs\current,S002_run03,P6..,294.32245066387395,False,False
2025-09-22T01:29:29,C:\Users\rjrie\Documents\neural_signal_db\quality_control\runs\current,S002_run03,P8..,215.4486598585497,False,False
2025-09-22T01:29:29,C:\Users\rjrie\Documents\neural_signal_db\quality_control\runs\current,S002_run03,Po7.,518.5451850646936,False,False
2025-09-22T01:29:29,C:\Users\rjrie\Documents\neural_signal_db\quality_control\runs\current,S002_run03,Po3.,594.4157217822558,False,False
2025-09-22T01:29:29,C:\Users\rjrie\Documents\neural_signal_db\quality_control\runs\current,S002_run03,Poz.,624.3504926770399,False,False
2025-09-22T01:29:29,C:\Users\rjrie\Documents\neural_signal_db\quality_control\runs\current,S002_run03,Po4.,384.8906193300119,False,False
2025-09-22T01:29:29,C:\Users\rjrie\Documents\neural_signal_db\quality_control\runs\current,S002_run03,Po8.,437.8811649398506,False,False
2025-09-22T01:29:29,C:\Users\rjrie\Documents\neural_signal_db\quality_control\runs\current,S002_run03,O1..,728.6226296325559,False,False
2025-09-22T01:29:29,C:\Users\rjrie\Documents\neural_signal_db\quality_control\runs\current,S002_run03,Oz..,495.7754684298368,False,False
2025-09-22T01:29:29,C:\Users\rjrie\Documents\neural_signal_db\quality_control\runs\current,S002_run03,O2..,736.5957052680284,False,False
2025-09-22T01:29:29,C:\Users\rjrie\Documents\neural_signal_db\quality_control\runs\current,S002_run03,Iz..,495.2933255228989,False,False
2025-09-22T01:29:29,C:\Users\rjrie\Documents\neural_signal_db\quality_control\runs\current,S002_run07,Fc5.,1075.1203121875826,False,False
2025-09-22T01:29:29,C:\Users\rjrie\Documents\neural_signal_db\quality_control\runs\current,S002_run07,Fc3.,1051.6303926828234,False,False
2025-09-22T01:29:29,C:\Users\rjrie\Documents\neural_signal_db\quality_control\runs\current,S002_run07,Fc1.,859.8037130443807,False,False
2025-09-22T01:29:29,C:\Users\rjrie\Documents\neural_signal_db\quality_control\runs\current,S002_run07,Fcz.,703.6788872958184,False,False
2025-09-22T01:29:29,C:\Users\rjrie\Documents\neural_signal_db\quality_control\runs\current,S002_run07,Fc2.,713.9082274832276,False,False
2025-09-22T01:29:29,C:\Users\rjrie\Documents\neural_signal_db\quality_control\runs\current,S002_run07,Fc4.,660.3858727340702,False,False
2025-09-22T01:29:29,C:\Users\rjrie\Documents\neural_signal_db\quality_control\runs\current,S002_run07,Fc6.,1276.1990877799878,False,False
2025-09-22T01:29:29,C:\Users\rjrie\Documents\neural_signal_db\quality_control\runs\current,S002_run07,C5..,860.5941835113854,False,False
2025-09-22T01:29:29,C:\Users\rjrie\Documents\neural_signal_db\quality_control\runs\current,S002_run07,C3..,981.9567046731444,False,False
2025-09-22T01:29:29,C:\Users\rjrie\Documents\neural_signal_db\quality_control\runs\current,S002_run07,C1..,820.1980310888855,False,False
2025-09-22T01:29:29,C:\Users\rjrie\Documents\neural_signal_db\quality_control\runs\current,S002_run07,Cz..,697.5768583695841,False,False
2025-09-22T01:29:29,C:\Users\rjrie\Documents\neural_signal_db\quality_control\runs\current,S002_run07,C2..,561.4548676279826,False,False
2025-09-22T01:29:29,C:\Users\rjrie\Documents\neural_signal_db\quality_control\runs\current,S002_run07,C4..,460.3543897378378,False,False
2025-09-22T01:29:29,C:\Users\rjrie\Documents\neural_signal_db\quality_control\runs\current,S002_run07,C6..,658.1621480166402,False,False
2025-09-22T01:29:29,C:\Users\rjrie\Documents\neural_signal_db\quality_control\runs\current,S002_run07,Cp5.,1005.2033342834952,False,False
2025-09-22T01:29:29,C:\Users\rjrie\Documents\neural_signal_db\quality_control\runs\current,S002_run07,Cp3.,923.3625720651356,False,False
2025-09-22T01:29:29,C:\Users\rjrie\Documents\neural_signal_db\quality_control\runs\current,S002_run07,Cp1.,564.553627542716,False,False
2025-09-22T01:29:29,C:\Users\rjrie\Documents\neural_signal_db\quality_control\runs\current,S002_run07,Cpz.,611.8802822290799,False,False
2025-09-22T01:29:29,C:\Users\rjrie\Documents\neural_signal_db\quality_control\runs\current,S002_run07,Cp2.,505.7768884855864,False,False
2025-09-22T01:29:29,C:\Users\rjrie\Documents\neural_signal_db\quality_control\runs\current,S002_run07,Cp4.,390.1009647009675,False,False
2025-09-22T01:29:29,C:\Users\rjrie\Documents\neural_signal_db\quality_control\runs\current,S002_run07,Cp6.,334.407862373174,False,False
2025-09-22T01:29:29,C:\Users\rjrie\Documents\neural_signal_db\quality_control\runs\current,S002_run07,Fp1.,3974.751665238841,False,False
2025-09-22T01:29:29,C:\Users\rjrie\Documents\neural_signal_db\quality_control\runs\current,S002_run07,Fpz.,3521.560656146205,False,False
2025-09-22T01:29:29,C:\Users\rjrie\Documents\neural_signal_db\quality_control\runs\current,S002_run07,Fp2.,3447.069113847474,False,False
2025-09-22T01:29:29,C:\Users\rjrie\Documents\neural_signal_db\quality_control\runs\current,S002_run07,Af7.,5542.183696212571,False,True
2025-09-22T01:29:29,C:\Users\rjrie\Documents\neural_signal_db\quality_control\runs\current,S002_run07,Af3.,2151.931645752776,False,False
2025-09-22T01:29:29,C:\Users\rjrie\Documents\neural_signal_db\quality_control\runs\current,S002_run07,Afz.,1718.2553421822324,False,False
2025-09-22T01:29:29,C:\Users\rjrie\Documents\neural_signal_db\quality_control\runs\current,S002_run07,Af4.,1652.5392618377784,False,False
2025-09-22T01:29:29,C:\Users\rjrie\Documents\neural_signal_db\quality_control\runs\current,S002_run07,Af8.,2865.476892877504,False,False
2025-09-22T01:29:29,C:\Users\rjrie\Documents\neural_signal_db\quality_control\runs\current,S002_run07,F7..,2261.2646335240884,False,False
2025-09-22T01:29:29,C:\Users\rjrie\Documents\neural_signal_db\quality_control\runs\current,S002_run07,F5..,1841.386964604402,False,False
2025-09-22T01:29:29,C:\Users\rjrie\Documents\neural_signal_db\quality_control\runs\current,S002_run07,F3..,1249.4521265837752,False,False
2025-09-22T01:29:29,C:\Users\rjrie\Documents\neural_signal_db\quality_control\runs\current,S002_run07,F1..,1000.2971206762468,False,False
2025-09-22T01:29:29,C:\Users\rjrie\Documents\neural_signal_db\quality_control\runs\current,S002_run07,Fz..,944.52517245181,False,False
2025-09-22T01:29:29,C:\Users\rjrie\Documents\neural_signal_db\quality_control\runs\current,S002_run07,F2..,935.8363880523332,False,False
2025-09-22T01:29:29,C:\Users\rjrie\Documents\neural_signal_db\quality_control\runs\current,S002_run07,F4..,962.6694338687288,False,False
2025-09-22T01:29:29,C:\Users\rjrie\Documents\neural_signal_db\quality_control\runs\current,S002_run07,F6..,1233.0745356496627,False,False
2025-09-22T01:29:29,C:\Users\rjrie\Documents\neural_signal_db\quality_control\runs\current,S002_run07,F8..,1297.3912231656711,False,False
2025-09-22T01:29:29,C:\Users\rjrie\Documents\neural_signal_db\quality_control\runs\current,S002_run07,Ft7.,793.0711266209555,False,False
2025-09-22T01:29:29,C:\Users\rjrie\Documents\neural_signal_db\quality_control\runs\current,S002_run07,Ft8.,699.554820767958,False,False
2025-09-22T01:29:29,C:\Users\rjrie\Documents\neural_signal_db\quality_control\runs\current,S002_run07,T7..,711.9470622541971,False,False
2025-09-22T01:29:29,C:\Users\rjrie\Documents\neural_signal_db\quality_control\runs\current,S002_run07,T8..,443.9300388507791,False,False
2025-09-22T01:29:29,C:\Users\rjrie\Documents\neural_signal_db\quality_control\runs\current,S002_run07,T9..,414.6424382704573,False,False
2025-09-22T01:29:29,C:\Users\rjrie\Documents\neural_signal_db\quality_control\runs\current,S002_run07,T10.,176.97148584413625,False,False
2025-09-22T01:29:29,C:\Users\rjrie\Documents\neural_signal_db\quality_control\runs\current,S002_run07,Tp7.,639.8459340066056,False,False
2025-09-22T01:29:29,C:\Users\rjrie\Documents\neural_signal_db\quality_control\runs\current,S002_run07,Tp8.,212.1515945963671,False,False
2025-09-22T01:29:29,C:\Users\rjrie\Documents\neural_signal_db\quality_control\runs\current,S002_run07,P7..,413.3501080292815,False,False
2025-09-22T01:29:29,C:\Users\rjrie\Documents\neural_signal_db\quality_control\runs\current,S002_run07,P5..,559.0078106177498,False,False
2025-09-22T01:29:29,C:\Users\rjrie\Documents\neural_signal_db\quality_control\runs\current,S002_run07,P3..,541.7624387532842,False,False
2025-09-22T01:29:29,C:\Users\rjrie\Documents\neural_signal_db\quality_control\runs\current,S002_run07,P1..,467.3622880699938,False,False
2025-09-22T01:29:29,C:\Users\rjrie\Documents\neural_signal_db\quality_control\runs\current,S002_run07,Pz..,475.3393215198253,False,False
2025-09-22T01:29:29,C:\Users\rjrie\Documents\neural_signal_db\quality_control\runs\current,S002_run07,P2..,474.864114603989,False,False
2025-09-22T01:29:29,C:\Users\rjrie\Documents\neural_signal_db\quality_control\runs\current,S002_run07,P4..,432.8361187124066,False,False
2025-09-22T01:29:29,C:\Users\rjrie\Documents\neural_signal_db\quality_control\runs\current,S002_run07,P6..,312.8916370773844,False,False
2025-09-22T01:29:29,C:\Users\rjrie\Documents\neural_signal_db\quality_control\runs\current,S002_run07,P8..,230.8032172044377,False,False
2025-09-22T01:29:29,C:\Users\rjrie\Documents\neural_signal_db\quality_control\runs\current,S002_run07,Po7.,437.7836388697823,False,False
2025-09-22T01:29:29,C:\Users\rjrie\Documents\neural_signal_db\quality_control\runs\current,S002_run07,Po3.,492.9575940634501,False,False
2025-09-22T01:29:29,C:\Users\rjrie\Documents\neural_signal_db\quality_control\runs\current,S002_run07,Poz.,541.887219867473,False,False
2025-09-22T01:29:29,C:\Users\rjrie\Documents\neural_signal_db\quality_control\runs\current,S002_run07,Po4.,380.0820096518896,False,False
2025-09-22T01:29:29,C:\Users\rjrie\Documents\neural_signal_db\quality_control\runs\current,S002_run07,Po8.,443.629275044513,False,False
2025-09-22T01:29:29,C:\Users\rjrie\Documents\neural_signal_db\quality_control\runs\current,S002_run07,O1..,552.1170511491796,False,False
2025-09-22T01:29:29,C:\Users\rjrie\Documents\neural_signal_db\quality_control\runs\current,S002_run07,Oz..,451.0395245782107,False,False
2025-09-22T01:29:29,C:\Users\rjrie\Documents\neural_signal_db\quality_control\runs\current,S002_run07,O2..,711.5338611999306,False,False
2025-09-22T01:29:29,C:\Users\rjrie\Documents\neural_signal_db\quality_control\runs\current,S002_run07,Iz..,450.9176851473164,False,False
2025-09-22T01:29:29,C:\Users\rjrie\Documents\neural_signal_db\quality_control\runs\current,S002_run11,Fc5.,1058.448154114201,False,False
2025-09-22T01:29:29,C:\Users\rjrie\Documents\neural_signal_db\quality_control\runs\current,S002_run11,Fc3.,1182.7736792645746,False,False
2025-09-22T01:29:29,C:\Users\rjrie\Documents\neural_signal_db\quality_control\runs\current,S002_run11,Fc1.,1077.9049228483996,False,False
2025-09-22T01:29:29,C:\Users\rjrie\Documents\neural_signal_db\quality_control\runs\current,S002_run11,Fcz.,676.2464349923986,False,False
2025-09-22T01:29:29,C:\Users\rjrie\Documents\neural_signal_db\quality_control\runs\current,S002_run11,Fc2.,682.9649290683454,False,False
2025-09-22T01:29:29,C:\Users\rjrie\Documents\neural_signal_db\quality_control\runs\current,S002_run11,Fc4.,672.0357975473429,False,False
2025-09-22T01:29:29,C:\Users\rjrie\Documents\neural_signal_db\quality_control\runs\current,S002_run11,Fc6.,909.3401625603146,False,False
2025-09-22T01:29:29,C:\Users\rjrie\Documents\neural_signal_db\quality_control\runs\current,S002_run11,C5..,1002.24163791394,False,False
2025-09-22T01:29:29,C:\Users\rjrie\Documents\neural_signal_db\quality_control\runs\current,S002_run11,C3..,1030.4566369224667,False,False
2025-09-22T01:29:29,C:\Users\rjrie\Documents\neural_signal_db\quality_control\runs\current,S002_run11,C1..,907.8154136819188,False,False
2025-09-22T01:29:29,C:\Users\rjrie\Documents\neural_signal_db\quality_control\runs\current,S002_run11,Cz..,808.9260061801837,False,False
2025-09-22T01:29:29,C:\Users\rjrie\Documents\neural_signal_db\quality_control\runs\current,S002_run11,C2..,571.2653329258998,False,False
2025-09-22T01:29:29,C:\Users\rjrie\Documents\neural_signal_db\quality_control\runs\current,S002_run11,C4..,486.79804009476834,False,False
2025-09-22T01:29:29,C:\Users\rjrie\Documents\neural_signal_db\quality_control\runs\current,S002_run11,C6..,615.7832989803316,False,False
2025-09-22T01:29:29,C:\Users\rjrie\Documents\neural_signal_db\quality_control\runs\current,S002_run11,Cp5.,1271.4211280384525,False,False
2025-09-22T01:29:29,C:\Users\rjrie\Documents\neural_signal_db\quality_control\runs\current,S002_run11,Cp3.,906.981804169042,False,False
2025-09-22T01:29:29,C:\Users\rjrie\Documents\neural_signal_db\quality_control\runs\current,S002_run11,Cp1.,760.0904263929167,False,False
2025-09-22T01:29:29,C:\Users\rjrie\Documents\neural_signal_db\quality_control\runs\current,S002_run11,Cpz.,712.1800379625843,False,False
2025-09-22T01:29:29,C:\Users\rjrie\Documents\neural_signal_db\quality_control\runs\current,S002_run11,Cp2.,562.1412138008956,False,False
2025-09-22T01:29:29,C:\Users\rjrie\Documents\neural_signal_db\quality_control\runs\current,S002_run11,Cp4.,467.5974246067156,False,False
2025-09-22T01:29:29,C:\Users\rjrie\Documents\neural_signal_db\quality_control\runs\current,S002_run11,Cp6.,385.5819063450162,False,False
2025-09-22T01:29:29,C:\Users\rjrie\Documents\neural_signal_db\quality_control\runs\current,S002_run11,Fp1.,2113.82857657479,False,False
2025-09-22T01:29:29,C:\Users\rjrie\Documents\neural_signal_db\quality_control\runs\current,S002_run11,Fpz.,1734.2202404219545,False,False
2025-09-22T01:29:29,C:\Users\rjrie\Documents\neural_signal_db\quality_control\runs\current,S002_run11,Fp2.,1708.5310516820964,False,False
2025-09-22T01:29:29,C:\Users\rjrie\Documents\neural_signal_db\quality_control\runs\current,S002_run11,Af7.,2810.277781575843,False,True
2025-09-22T01:29:29,C:\Users\rjrie\Documents\neural_signal_db\quality_control\runs\current,S002_run11,Af3.,1496.5016954090654,False,False
2025-09-22T01:29:29,C:\Users\rjrie\Documents\neural_signal_db\quality_control\runs\current,S002_run11,Afz.,979.5724064606878,False,False
2025-09-22T01:29:29,C:\Users\rjrie\Documents\neural_signal_db\quality_control\runs\current,S002_run11,Af4.,946.3444283743142,False,False
2025-09-22T01:29:29,C:\Users\rjrie\Documents\neural_signal_db\quality_control\runs\current,S002_run11,Af8.,1519.7523687847013,False,False
2025-09-22T01:29:29,C:\Users\rjrie\Documents\neural_signal_db\quality_control\runs\current,S002_run11,F7..,1615.725331771763,False,False
2025-09-22T01:29:29,C:\Users\rjrie\Documents\neural_signal_db\quality_control\runs\current,S002_run11,F5..,1569.3386636153043,False,False
2025-09-22T01:29:29,C:\Users\rjrie\Documents\neural_signal_db\quality_control\runs\current,S002_run11,F3..,1144.2603670826722,False,False
2025-09-22T01:29:29,C:\Users\rjrie\Documents\neural_signal_db\quality_control\runs\current,S002_run11,F1..,1114.278679788713,False,False
2025-09-22T01:29:29,C:\Users\rjrie\Documents\neural_signal_db\quality_control\runs\current,S002_run11,Fz..,844.6626321732062,False,False
2025-09-22T01:29:29,C:\Users\rjrie\Documents\neural_signal_db\quality_control\runs\current,S002_run11,F2..,694.4536551258137,False,False
2025-09-22T01:29:29,C:\Users\rjrie\Documents\neural_signal_db\quality_control\runs\current,S002_run11,F4..,727.9399638008955,False,False
2025-09-22T01:29:29,C:\Users\rjrie\Documents\neural_signal_db\quality_control\runs\current,S002_run11,F6..,1166.0312224866148,False,False
2025-09-22T01:29:29,C:\Users\rjrie\Documents\neural_signal_db\quality_control\runs\current,S002_run11,F8..,1197.0934872569858,False,False
2025-09-22T01:29:29,C:\Users\rjrie\Documents\neural_signal_db\quality_control\runs\current,S002_run11,Ft7.,876.9982723164122,False,False
2025-09-22T01:29:29,C:\Users\rjrie\Documents\neural_signal_db\quality_control\runs\current,S002_run11,Ft8.,577.067469718752,False,False
2025-09-22T01:29:29,C:\Users\rjrie\Documents\neural_signal_db\quality_control\runs\current,S002_run11,T7..,828.8242962992224,False,False
2025-09-22T01:29:29,C:\Users\rjrie\Documents\neural_signal_db\quality_control\runs\current,S002_run11,T8..,409.8669789575278,False,False
2025-09-22T01:29:29,C:\Users\rjrie\Documents\neural_signal_db\quality_control\runs\current,S002_run11,T9..,612.0640154024347,False,False
2025-09-22T01:29:29,C:\Users\rjrie\Documents\neural_signal_db\quality_control\runs\current,S002_run11,T10.,197.47276916177128,False,False
2025-09-22T01:29:29,C:\Users\rjrie\Documents\neural_signal_db\quality_control\runs\current,S002_run11,Tp7.,930.9590567370612,False,False
2025-09-22T01:29:29,C:\Users\rjrie\Documents\neural_signal_db\quality_control\runs\current,S002_run11,Tp8.,248.75288410296443,False,False
2025-09-22T01:29:29,C:\Users\rjrie\Documents\neural_signal_db\quality_control\runs\current,S002_run11,P7..,581.8620253089058,False,False
2025-09-22T01:29:29,C:\Users\rjrie\Documents\neural_signal_db\quality_control\runs\current,S002_run11,P5..,715.1886598585497,False,False
2025-09-22T01:29:29,C:\Users\rjrie\Documents\neural_signal_db\quality_control\runs\current,S002_run11,P3..,700.5918072906339,False,False
2025-09-22T01:29:29,C:\Users\rjrie\Documents\neural_signal_db\quality_control\runs\current,S002_run11,P1..,623.685677909561,False,False
2025-09-22T01:29:29,C:\Users\rjrie\Documents\neural_signal_db\quality_control\runs\current,S002_run11,Pz..,586.3300550267696,False,False
2025-09-22T01:29:29,C:\Users\rjrie\Documents\neural_signal_db\quality_control\runs\current,S002_run11,P2..,544.8651810678168,False,False
2025-09-22T01:29:29,C:\Users\rjrie\Documents\neural_signal_db\quality_control\runs\current,S002_run11,P4..,612.6802184313859,False,False
2025-09-22T01:29:29,C:\Users\rjrie\Documents\neural_signal_db\quality_control\runs\current,S002_run11,P6..,386.9628871290237,False,False
2025-09-22T01:29:29,C:\Users\rjrie\Documents\neural_signal_db\quality_control\runs\current,S002_run11,P8..,305.6633442395399,False,False
2025-09-22T01:29:29,C:\Users\rjrie\Documents\neural_signal_db\quality_control\runs\current,S002_run11,Po7.,655.5167814193767,False,False
2025-09-22T01:29:29,C:\Users\rjrie\Documents\neural_signal_db\quality_control\runs\current,S002_run11,Po3.,633.4910351988523,False,False
2025-09-22T01:29:29,C:\Users\rjrie\Documents\neural_signal_db\quality_control\runs\current,S002_run11,Poz.,641.9622075050399,False,False
2025-09-22T01:29:29,C:\Users\rjrie\Documents\neural_signal_db\quality_control\runs\current,S002_run11,Po4.,450.98939912585104,False,False
2025-09-22T01:29:29,C:\Users\rjrie\Documents\neural_signal_db\quality_control\runs\current,S002_run11,Po8.,654.1651625086753,False,False
2025-09-22T01:29:29,C:\Users\rjrie\Documents\neural_signal_db\quality_control\runs\current,S002_run11,O1..,620.1008321946881,False,False
2025-09-22T01:29:29,C:\Users\rjrie\Documents\neural_signal_db\quality_control\runs\current,S002_run11,Oz..,571.9695876684473,False,False
2025-09-22T01:29:29,C:\Users\rjrie\Documents\neural_signal_db\quality_control\runs\current,S002_run11,O2..,883.583434918038,False,False
2025-09-22T01:29:29,C:\Users\rjrie\Documents\neural_signal_db\quality_control\runs\current,S002_run11,Iz..,577.258276506936,False,False
